variable,question_type,battery,question_focus,topic,keywords,question_intro,question_text,response_options,n_options,response_scale,asked_if,asked_if_plain,compare_to,compare_kind,notes
confirm,question,,background,Background,admin,,Are you willing to participate in future surveys?,1 = No | 2 = Yes,2,yes_no,,,,,"Asked with confirm_name and confirm_email, which the released file does not carry"
exp_sml_grp,question,,background,Background,admin,,We are also interested in speaking with experts who may be willing to participate in one-on-one or small-group discussions. Are you willing (and able) to participate in discussions like this?,1 = No | 2 = Yes,2,yes_no,,,,,
primary_emp,checkbox_parent,,background,Background,demographics,,Which sector(s) best describe your primary place(s) of employment? Please select all that apply.,,0,checkbox,,,,,
primary_emp_acad,checkbox_item,primary_emp,background,Background,demographics,Which sector(s) best describe your primary place(s) of employment? Please select all that apply.,Academia,0 = Not selected | 1 = Selected,2,checkbox,,,,,
primary_emp_gov,checkbox_item,primary_emp,background,Background,demographics,Which sector(s) best describe your primary place(s) of employment? Please select all that apply.,Government agency,0 = Not selected | 1 = Selected,2,checkbox,,,,,
primary_emp_lab,checkbox_item,primary_emp,background,Background,demographics,Which sector(s) best describe your primary place(s) of employment? Please select all that apply.,National laboratory,0 = Not selected | 1 = Selected,2,checkbox,,,,,
primary_emp_np,checkbox_item,primary_emp,background,Background,demographics,Which sector(s) best describe your primary place(s) of employment? Please select all that apply.,Nonprofit or research institute,0 = Not selected | 1 = Selected,2,checkbox,,,,,
primary_emp_ind,checkbox_item,primary_emp,background,Background,demographics,Which sector(s) best describe your primary place(s) of employment? Please select all that apply.,Private industry,0 = Not selected | 1 = Selected,2,checkbox,,,,,
primary_emp_oth,checkbox_item,primary_emp,background,Background,demographics,Which sector(s) best describe your primary place(s) of employment? Please select all that apply.,Other (please specify),0 = Not selected | 1 = Selected,2,checkbox,,,,,
primary_emp_oth_spec,verbatim_followup,,background,Background,demographics,,,,0,open_text,primary_emp_oth = 1,it was shown only to people who picked Other for their employment sector.,,,VERBATIM
primary_field,checkbox_parent,,background,Background,demographics,,Which of the following best describe your primary field(s) of expertise related to fusion energy? Please select all that apply.,,0,checkbox,,,,,
primary_field_comp,checkbox_item,primary_field,background,Background,demographics,Which of the following best describe your primary field(s) of expertise related to fusion energy? Please select all that apply.,Computational modeling / simulation / AI,0 = Not selected | 1 = Selected,2,checkbox,,,,,
primary_field_econ,checkbox_item,primary_field,background,Background,demographics,Which of the following best describe your primary field(s) of expertise related to fusion energy? Please select all that apply.,Economics or cost analysis,0 = Not selected | 1 = Selected,2,checkbox,,,,,
primary_field_elec,checkbox_item,primary_field,background,Background,demographics,Which of the following best describe your primary field(s) of expertise related to fusion energy? Please select all that apply.,Electrical engineering / magnets / power systems,0 = Not selected | 1 = Selected,2,checkbox,,,,,
primary_field_sys,checkbox_item,primary_field,background,Background,demographics,Which of the following best describe your primary field(s) of expertise related to fusion energy? Please select all that apply.,Energy systems analysis,0 = Not selected | 1 = Selected,2,checkbox,,,,,
primary_field_diag,checkbox_item,primary_field,background,Background,demographics,Which of the following best describe your primary field(s) of expertise related to fusion energy? Please select all that apply.,Experimental diagnostics,0 = Not selected | 1 = Selected,2,checkbox,,,,,
primary_field_invest,checkbox_item,primary_field,background,Background,demographics,Which of the following best describe your primary field(s) of expertise related to fusion energy? Please select all that apply.,Investment/business development,0 = Not selected | 1 = Selected,2,checkbox,,,,,
primary_field_mat,checkbox_item,primary_field,background,Background,demographics,Which of the following best describe your primary field(s) of expertise related to fusion energy? Please select all that apply.,Materials science / radiation effects,0 = Not selected | 1 = Selected,2,checkbox,,,,,
primary_field_mech,checkbox_item,primary_field,background,Background,demographics,Which of the following best describe your primary field(s) of expertise related to fusion energy? Please select all that apply.,Mechanical engineering,0 = Not selected | 1 = Selected,2,checkbox,,,,,
primary_field_nuc,checkbox_item,primary_field,background,Background,demographics,Which of the following best describe your primary field(s) of expertise related to fusion energy? Please select all that apply.,Nuclear engineering,0 = Not selected | 1 = Selected,2,checkbox,,,,,
primary_field_plasma,checkbox_item,primary_field,background,Background,demographics,Which of the following best describe your primary field(s) of expertise related to fusion energy? Please select all that apply.,Plasma physics,0 = Not selected | 1 = Selected,2,checkbox,,,,,
primary_field_pol,checkbox_item,primary_field,background,Background,demographics,Which of the following best describe your primary field(s) of expertise related to fusion energy? Please select all that apply.,Program management or policy,0 = Not selected | 1 = Selected,2,checkbox,,,,,
primary_field_safe,checkbox_item,primary_field,background,Background,demographics,Which of the following best describe your primary field(s) of expertise related to fusion energy? Please select all that apply.,"Safety, regulation, or licensing",0 = Not selected | 1 = Selected,2,checkbox,,,,,
primary_field_oth,checkbox_item,primary_field,background,Background,demographics,Which of the following best describe your primary field(s) of expertise related to fusion energy? Please select all that apply.,Other (please specify),0 = Not selected | 1 = Selected,2,checkbox,,,,,
primary_field_oth_spec,verbatim_followup,,background,Background,demographics,,,,0,open_text,primary_field_oth = 1,it was shown only to people who picked Other for their field of expertise.,,,VERBATIM
primary_role,checkbox_parent,,background,Background,demographics,,Which best describes your primary role related to fusion energy? Please select all that apply.,,0,checkbox,,,,,Stem says 'Which best describes' but the item is select-all-that-apply
primary_role_startup,checkbox_item,primary_role,background,Background,demographics,Which best describes your primary role related to fusion energy? Please select all that apply.,Commercialization / startup activity,0 = Not selected | 1 = Selected,2,checkbox,,,,,
primary_role_ops,checkbox_item,primary_role,background,Background,demographics,Which best describes your primary role related to fusion energy? Please select all that apply.,Device or facility operations,0 = Not selected | 1 = Selected,2,checkbox,,,,,
primary_role_res,checkbox_item,primary_role,background,Background,demographics,Which best describes your primary role related to fusion energy? Please select all that apply.,Fundamental research (theory or experiment),0 = Not selected | 1 = Selected,2,checkbox,,,,,
primary_role_pol,checkbox_item,primary_role,background,Background,demographics,Which best describes your primary role related to fusion energy? Please select all that apply.,"Policy, regulation, or program oversight",0 = Not selected | 1 = Selected,2,checkbox,,,,,
primary_role_sys,checkbox_item,primary_role,background,Background,demographics,Which best describes your primary role related to fusion energy? Please select all that apply.,Systems integration / deployment planning,0 = Not selected | 1 = Selected,2,checkbox,,,,,
primary_role_tech,checkbox_item,primary_role,background,Background,demographics,Which best describes your primary role related to fusion energy? Please select all that apply.,Technology development / engineering,0 = Not selected | 1 = Selected,2,checkbox,,,,,
primary_role_edu,checkbox_item,primary_role,background,Background,demographics,Which best describes your primary role related to fusion energy? Please select all that apply.,Workforce development / education,0 = Not selected | 1 = Selected,2,checkbox,,,,,
primary_role_oth,checkbox_item,primary_role,background,Background,demographics,Which best describes your primary role related to fusion energy? Please select all that apply.,Other (please specify),0 = Not selected | 1 = Selected,2,checkbox,,,,,
primary_role_oth_spec,verbatim_followup,,background,Background,demographics,,,,0,open_text,primary_role_oth = 1,it was shown only to people who picked Other for their role.,,,VERBATIM
exp_years,question,,background,Background,demographics,,"Approximately how many years have you worked on fusion-related research, development, or policy?",1 = Less than 5 years | 2 = 5–9 years | 3 = 10–14 years | 4 = 15–19 years | 5 = 20–29 years | 6 = 30 years or more,6,exp_years_6,,,,,The instrument lists the bands with no numbers; the data codes them 1-6 in order
exp_comm,checkbox_parent,,fusion,Background,demographics,,Have you had experience communicating about fusion energy with non-expert audiences? Please select all that apply.,,0,checkbox,,,,,exp_comm_none is not exclusive: nothing stops a respondent picking it alongside an audience
exp_comm_edu,checkbox_item,exp_comm,fusion,Background,demographics,Have you had experience communicating about fusion energy with non-expert audiences? Please select all that apply.,Educators or students,0 = Not selected | 1 = Selected,2,checkbox,,,,,
exp_comm_pub,checkbox_item,exp_comm,fusion,Background,demographics,Have you had experience communicating about fusion energy with non-expert audiences? Please select all that apply.,General public,0 = Not selected | 1 = Selected,2,checkbox,,,,,
exp_comm_ind,checkbox_item,exp_comm,fusion,Background,demographics,Have you had experience communicating about fusion energy with non-expert audiences? Please select all that apply.,Industry professionals,0 = Not selected | 1 = Selected,2,checkbox,,,,,
exp_comm_invest,checkbox_item,exp_comm,fusion,Background,demographics,Have you had experience communicating about fusion energy with non-expert audiences? Please select all that apply.,Investors,0 = Not selected | 1 = Selected,2,checkbox,,,,,
exp_comm_media,checkbox_item,exp_comm,fusion,Background,demographics,Have you had experience communicating about fusion energy with non-expert audiences? Please select all that apply.,Journalists or media,0 = Not selected | 1 = Selected,2,checkbox,,,,,
exp_comm_pol,checkbox_item,exp_comm,fusion,Background,demographics,Have you had experience communicating about fusion energy with non-expert audiences? Please select all that apply.,Policymakers or government staff,0 = Not selected | 1 = Selected,2,checkbox,,,,,
exp_comm_none,checkbox_item,exp_comm,fusion,Background,demographics,Have you had experience communicating about fusion energy with non-expert audiences? Please select all that apply.,No — I primarily communicate with other experts,0 = Not selected | 1 = Selected,2,checkbox,,,,,
exp_comm_oth,checkbox_item,exp_comm,fusion,Background,demographics,Have you had experience communicating about fusion energy with non-expert audiences? Please select all that apply.,Other (please specify),0 = Not selected | 1 = Selected,2,checkbox,,,,,
exp_comm_oth_spec,verbatim_followup,,background,Background,demographics,,,,0,open_text,exp_comm_oth = 1,it was shown only to people who picked Other for the audiences they have communicated with.,,,VERBATIM
fusion_time,question,,fusion,Support and expectations,timeline,Let’s begin with everyone’s favorite question.,"If you were to guess, how long do you think it will be before fusion energy technology is ready for widespread use in the United States?",1 = 1 to 5 years | 2 = 6 to 10 years | 3 = 11 to 25 years | 4 = 26 to 50 years | 5 = 51 to 100 years | 6 = It will never be ready for widespread use,6,timeline_6,,,fusion_time,same_question,"Word for word the public FU26 item, and the same bands"
fusion_chal_few,checkbox_parent,,fusion,Barriers and challenges,timeline | information_needs,,Which of the following challenges or barriers will have to be addressed in the next few years (1–5 years) to make meaningful progress toward widespread fusion energy use in the United States? Please select the two most significant challenges.,,0,checkbox,,,,,RANDOM ORDER. Capped at two picks
fusion_chal_few_react,checkbox_item,fusion_chal_few,fusion,Barriers and challenges,timeline | information_needs,Which of the following challenges or barriers will have to be addressed in the next few years (1–5 years) to make meaningful progress toward widespread fusion energy use in the United States? Please select the two most significant challenges.,Achieving reliable and sustained fusion reaction,0 = Not selected | 1 = Selected,2,checkbox,,,,,"Capped at two picks, so the shares sum to about 200, not 100"
fusion_chal_few_mat,checkbox_item,fusion_chal_few,fusion,Barriers and challenges,timeline | information_needs,Which of the following challenges or barriers will have to be addressed in the next few years (1–5 years) to make meaningful progress toward widespread fusion energy use in the United States? Please select the two most significant challenges.,Materials and component durability,0 = Not selected | 1 = Selected,2,checkbox,,,,,"Capped at two picks, so the shares sum to about 200, not 100"
fusion_chal_few_fuel,checkbox_item,fusion_chal_few,fusion,Barriers and challenges,timeline | information_needs,Which of the following challenges or barriers will have to be addressed in the next few years (1–5 years) to make meaningful progress toward widespread fusion energy use in the United States? Please select the two most significant challenges.,"Fuel supply, handling, and waste management",0 = Not selected | 1 = Selected,2,checkbox,,,,,"Capped at two picks, so the shares sum to about 200, not 100"
fusion_chal_few_cost,checkbox_item,fusion_chal_few,fusion,Barriers and challenges,timeline | information_needs,Which of the following challenges or barriers will have to be addressed in the next few years (1–5 years) to make meaningful progress toward widespread fusion energy use in the United States? Please select the two most significant challenges.,"Cost, financing, and economic viability",0 = Not selected | 1 = Selected,2,checkbox,,,,,"Capped at two picks, so the shares sum to about 200, not 100"
fusion_chal_few_reg,checkbox_item,fusion_chal_few,fusion,Barriers and challenges,timeline | information_needs,Which of the following challenges or barriers will have to be addressed in the next few years (1–5 years) to make meaningful progress toward widespread fusion energy use in the United States? Please select the two most significant challenges.,"Regulatory, safety, and licensing frameworks",0 = Not selected | 1 = Selected,2,checkbox,,,,,"Capped at two picks, so the shares sum to about 200, not 100"
fusion_chal_few_infra,checkbox_item,fusion_chal_few,fusion,Barriers and challenges,timeline | information_needs,Which of the following challenges or barriers will have to be addressed in the next few years (1–5 years) to make meaningful progress toward widespread fusion energy use in the United States? Please select the two most significant challenges.,"Infrastructure, workforce, and supply chains",0 = Not selected | 1 = Selected,2,checkbox,,,,,"Capped at two picks, so the shares sum to about 200, not 100"
fusion_chal_few_pub,checkbox_item,fusion_chal_few,fusion,Barriers and challenges,timeline | information_needs,Which of the following challenges or barriers will have to be addressed in the next few years (1–5 years) to make meaningful progress toward widespread fusion energy use in the United States? Please select the two most significant challenges.,"Public understanding, trust, and acceptance",0 = Not selected | 1 = Selected,2,checkbox,,,,,"Capped at two picks, so the shares sum to about 200, not 100"
fusion_chal_few_oth,checkbox_item,fusion_chal_few,fusion,Barriers and challenges,timeline | information_needs,Which of the following challenges or barriers will have to be addressed in the next few years (1–5 years) to make meaningful progress toward widespread fusion energy use in the United States? Please select the two most significant challenges.,Other (please specify),0 = Not selected | 1 = Selected,2,checkbox,,,,,"Capped at two picks, so the shares sum to about 200, not 100"
fusion_chal_few_oth_spec,verbatim_followup,,fusion,Barriers and challenges,timeline,,,,0,open_text,fusion_chal_few_oth = 1,it was shown only to people who picked Other as a challenge.,,,VERBATIM
fusion_chal_dec,checkbox_parent,,fusion,Barriers and challenges,timeline | information_needs,,Which of the following challenges or barriers will have to be addressed in the next decade (5–10 years) to make meaningful progress toward widespread fusion energy use in the United States? Please select the two most significant challenges.,,0,checkbox,,,,,RANDOM ORDER. Capped at two picks
fusion_chal_dec_react,checkbox_item,fusion_chal_dec,fusion,Barriers and challenges,timeline | information_needs,Which of the following challenges or barriers will have to be addressed in the next decade (5–10 years) to make meaningful progress toward widespread fusion energy use in the United States? Please select the two most significant challenges.,Achieving reliable and sustained fusion reaction,0 = Not selected | 1 = Selected,2,checkbox,,,,,"Capped at two picks, so the shares sum to about 200, not 100"
fusion_chal_dec_mat,checkbox_item,fusion_chal_dec,fusion,Barriers and challenges,timeline | information_needs,Which of the following challenges or barriers will have to be addressed in the next decade (5–10 years) to make meaningful progress toward widespread fusion energy use in the United States? Please select the two most significant challenges.,Materials and component durability,0 = Not selected | 1 = Selected,2,checkbox,,,,,"Capped at two picks, so the shares sum to about 200, not 100"
fusion_chal_dec_fuel,checkbox_item,fusion_chal_dec,fusion,Barriers and challenges,timeline | information_needs,Which of the following challenges or barriers will have to be addressed in the next decade (5–10 years) to make meaningful progress toward widespread fusion energy use in the United States? Please select the two most significant challenges.,"Fuel supply, handling, and waste management",0 = Not selected | 1 = Selected,2,checkbox,,,,,"Capped at two picks, so the shares sum to about 200, not 100"
fusion_chal_dec_cost,checkbox_item,fusion_chal_dec,fusion,Barriers and challenges,timeline | information_needs,Which of the following challenges or barriers will have to be addressed in the next decade (5–10 years) to make meaningful progress toward widespread fusion energy use in the United States? Please select the two most significant challenges.,"Cost, financing, and economic viability",0 = Not selected | 1 = Selected,2,checkbox,,,,,"Capped at two picks, so the shares sum to about 200, not 100"
fusion_chal_dec_reg,checkbox_item,fusion_chal_dec,fusion,Barriers and challenges,timeline | information_needs,Which of the following challenges or barriers will have to be addressed in the next decade (5–10 years) to make meaningful progress toward widespread fusion energy use in the United States? Please select the two most significant challenges.,"Regulatory, safety, and licensing frameworks",0 = Not selected | 1 = Selected,2,checkbox,,,,,"Capped at two picks, so the shares sum to about 200, not 100"
fusion_chal_dec_infra,checkbox_item,fusion_chal_dec,fusion,Barriers and challenges,timeline | information_needs,Which of the following challenges or barriers will have to be addressed in the next decade (5–10 years) to make meaningful progress toward widespread fusion energy use in the United States? Please select the two most significant challenges.,"Infrastructure, workforce, and supply chains",0 = Not selected | 1 = Selected,2,checkbox,,,,,"Capped at two picks, so the shares sum to about 200, not 100"
fusion_chal_dec_pub,checkbox_item,fusion_chal_dec,fusion,Barriers and challenges,timeline | information_needs,Which of the following challenges or barriers will have to be addressed in the next decade (5–10 years) to make meaningful progress toward widespread fusion energy use in the United States? Please select the two most significant challenges.,"Public understanding, trust, and acceptance",0 = Not selected | 1 = Selected,2,checkbox,,,,,"Capped at two picks, so the shares sum to about 200, not 100"
fusion_chal_dec_oth,checkbox_item,fusion_chal_dec,fusion,Barriers and challenges,timeline | information_needs,Which of the following challenges or barriers will have to be addressed in the next decade (5–10 years) to make meaningful progress toward widespread fusion energy use in the United States? Please select the two most significant challenges.,Other (please specify),0 = Not selected | 1 = Selected,2,checkbox,,,,,"Capped at two picks, so the shares sum to about 200, not 100"
fusion_chal_dec_oth_spec,verbatim_followup,,fusion,Barriers and challenges,timeline,,,,0,open_text,fusion_chal_dec_oth = 1,it was shown only to people who picked Other as a challenge.,,,VERBATIM
fusion_risk,question,,fusion,"Risks, costs, and benefits",risk_perception,"As you know, experts hold a range of perspectives on the potential risks, costs, and benefits associated developing and deploying fusion energy in the United States.",How would you rate the overall level of risk associated with developing and deploying fusion energy in the United States?,1 = Very low | 2 = Low | 3 = Moderate | 4 = High | 5 = Very high,5,level_5,,,fusion_risk,same_question,Word for word the public FU26 item
fusion_cost,question,,fusion,"Risks, costs, and benefits",risk_perception,"As you know, experts hold a range of perspectives on the potential risks, costs, and benefits associated developing and deploying fusion energy in the United States.",How would you rate the overall level of cost associated with developing and deploying fusion energy in the United States?,1 = Very low | 2 = Low | 3 = Moderate | 4 = High | 5 = Very high,5,level_5,,,fusion_cost,same_question,Word for word the public FU26 item
fusion_ben,question,,fusion,"Risks, costs, and benefits",risk_perception,"As you know, experts hold a range of perspectives on the potential risks, costs, and benefits associated developing and deploying fusion energy in the United States.",How would you rate the overall level of benefit associated with developing and deploying fusion energy in the United States?,1 = Very low | 2 = Low | 3 = Moderate | 4 = High | 5 = Very high,5,level_5,,,fusion_ben,same_question,Word for word the public FU26 item
fusion_risk_ben,question,,fusion,"Risks, costs, and benefits",risk_perception,,"How do you rate the overall balance of the risks, costs, and benefits of developing and deploying fusion energy in the United States?","1 = Risks and costs far outweigh benefits | 2 | 3 | 4 = Risks, costs, and benefits are equally balanced | 5 | 6 | 7 = Benefits far outweigh risks and costs",7,riskbencost_7,,,fusion_risk_ben,same_question,Word for word the public FU26 item. Only the endpoints and midpoint are labelled
fusion_risk_topics,checkbox_parent,,fusion,Information needs,information_needs,,"Now, we’d like to hear your views on the most significant risks, costs, and benefits associated with developing and deploying fusion energy in the United States. For the following questions, we are specifically interested in what you believe non-experts most need to understand when forming opinions about developing and deploying fusion energy in the United States. Which of the following risks do you think non-experts most need to understand when forming opinions about developing and deploying fusion energy in the United States? Please select the two most significant risks that non-experts should understand.",,0,checkbox,,,,,RANDOM ORDER. Capped at two picks. The instrument gives this stem no variable name
fusion_risk_environ,checkbox_item,fusion_risk_topics,fusion,Information needs,information_needs,"Now, we’d like to hear your views on the most significant risks, costs, and benefits associated with developing and deploying fusion energy in the United States. For the following questions, we are specifically interested in what you believe non-experts most need to understand when forming opinions about developing and deploying fusion energy in the United States. Which of the following risks do you think non-experts most need to understand when forming opinions about developing and deploying fusion energy in the United States? Please select the two most significant risks that non-experts should understand.","Environmental impacts (e.g., water use, waste, land disturbance)",0 = Not selected | 1 = Selected,2,checkbox,,,,,"Capped at two picks, so the shares sum to about 200, not 100. Shares its column name with a public FU26 item that asks a different question: the public was asked which they would most want to understand, experts which non-experts most need to understand"
fusion_risk_health,checkbox_item,fusion_risk_topics,fusion,Information needs,information_needs,"Now, we’d like to hear your views on the most significant risks, costs, and benefits associated with developing and deploying fusion energy in the United States. For the following questions, we are specifically interested in what you believe non-experts most need to understand when forming opinions about developing and deploying fusion energy in the United States. Which of the following risks do you think non-experts most need to understand when forming opinions about developing and deploying fusion energy in the United States? Please select the two most significant risks that non-experts should understand.","Public health and safety risks (e.g., radiation exposure, facility accidents)",0 = Not selected | 1 = Selected,2,checkbox,,,,,"Capped at two picks, so the shares sum to about 200, not 100. Shares its column name with a public FU26 item that asks a different question: the public was asked which they would most want to understand, experts which non-experts most need to understand"
fusion_risk_waste,checkbox_item,fusion_risk_topics,fusion,Information needs,information_needs,"Now, we’d like to hear your views on the most significant risks, costs, and benefits associated with developing and deploying fusion energy in the United States. For the following questions, we are specifically interested in what you believe non-experts most need to understand when forming opinions about developing and deploying fusion energy in the United States. Which of the following risks do you think non-experts most need to understand when forming opinions about developing and deploying fusion energy in the United States? Please select the two most significant risks that non-experts should understand.",Long-term waste management and decommissioning challenges,0 = Not selected | 1 = Selected,2,checkbox,,,,,"Capped at two picks, so the shares sum to about 200, not 100. Shares its column name with a public FU26 item that asks a different question: the public was asked which they would most want to understand, experts which non-experts most need to understand"
fusion_risk_security,checkbox_item,fusion_risk_topics,fusion,Information needs,information_needs,"Now, we’d like to hear your views on the most significant risks, costs, and benefits associated with developing and deploying fusion energy in the United States. For the following questions, we are specifically interested in what you believe non-experts most need to understand when forming opinions about developing and deploying fusion energy in the United States. Which of the following risks do you think non-experts most need to understand when forming opinions about developing and deploying fusion energy in the United States? Please select the two most significant risks that non-experts should understand.","Security risks (e.g., materials security, cyber threats, proliferation concerns)",0 = Not selected | 1 = Selected,2,checkbox,,,,,"Capped at two picks, so the shares sum to about 200, not 100. Shares its column name with a public FU26 item that asks a different question: the public was asked which they would most want to understand, experts which non-experts most need to understand"
fusion_risk_tech,checkbox_item,fusion_risk_topics,fusion,Information needs,information_needs,"Now, we’d like to hear your views on the most significant risks, costs, and benefits associated with developing and deploying fusion energy in the United States. For the following questions, we are specifically interested in what you believe non-experts most need to understand when forming opinions about developing and deploying fusion energy in the United States. Which of the following risks do you think non-experts most need to understand when forming opinions about developing and deploying fusion energy in the United States? Please select the two most significant risks that non-experts should understand.","Technological reliability risks (e.g., systems not performing as expected at scale)",0 = Not selected | 1 = Selected,2,checkbox,,,,,"Capped at two picks, so the shares sum to about 200, not 100. Shares its column name with a public FU26 item that asks a different question: the public was asked which they would most want to understand, experts which non-experts most need to understand"
fusion_risk_oth,checkbox_item,fusion_risk_topics,fusion,Information needs,information_needs,"Now, we’d like to hear your views on the most significant risks, costs, and benefits associated with developing and deploying fusion energy in the United States. For the following questions, we are specifically interested in what you believe non-experts most need to understand when forming opinions about developing and deploying fusion energy in the United States. Which of the following risks do you think non-experts most need to understand when forming opinions about developing and deploying fusion energy in the United States? Please select the two most significant risks that non-experts should understand.",Other (please specify),0 = Not selected | 1 = Selected,2,checkbox,,,,,"Capped at two picks, so the shares sum to about 200, not 100. Shares its column name with a public FU26 item that asks a different question: the public was asked which they would most want to understand, experts which non-experts most need to understand"
fusion_risk_oth_spec,verbatim_followup,,fusion,Information needs,information_needs,,,,0,open_text,fusion_risk_oth = 1,it was shown only to people who picked Other here.,,,VERBATIM
fusion_cost_topics,checkbox_parent,,fusion,Information needs,information_needs,,"Now, we’d like to hear your views on the most significant risks, costs, and benefits associated with developing and deploying fusion energy in the United States. For the following questions, we are specifically interested in what you believe non-experts most need to understand when forming opinions about developing and deploying fusion energy in the United States. Which of the following costs do you think non-experts most need to understand when forming opinions about developing and deploying fusion energy in the United States? Please select the two most significant costs that non-experts should understand.",,0,checkbox,,,,,RANDOM ORDER. Capped at two picks. The instrument gives this stem no variable name
fusion_cost_research,checkbox_item,fusion_cost_topics,fusion,Information needs,information_needs,"Now, we’d like to hear your views on the most significant risks, costs, and benefits associated with developing and deploying fusion energy in the United States. For the following questions, we are specifically interested in what you believe non-experts most need to understand when forming opinions about developing and deploying fusion energy in the United States. Which of the following costs do you think non-experts most need to understand when forming opinions about developing and deploying fusion energy in the United States? Please select the two most significant costs that non-experts should understand.","Research and development costs (e.g., continued public and private investment needed to advance the technology)",0 = Not selected | 1 = Selected,2,checkbox,,,,,"Capped at two picks, so the shares sum to about 200, not 100. Shares its column name with a public FU26 item that asks a different question: the public was asked which they would most want to understand, experts which non-experts most need to understand"
fusion_cost_constru,checkbox_item,fusion_cost_topics,fusion,Information needs,information_needs,"Now, we’d like to hear your views on the most significant risks, costs, and benefits associated with developing and deploying fusion energy in the United States. For the following questions, we are specifically interested in what you believe non-experts most need to understand when forming opinions about developing and deploying fusion energy in the United States. Which of the following costs do you think non-experts most need to understand when forming opinions about developing and deploying fusion energy in the United States? Please select the two most significant costs that non-experts should understand.","Construction and capital costs (e.g., building commercial-scale fusion facilities)",0 = Not selected | 1 = Selected,2,checkbox,,,,,"Capped at two picks, so the shares sum to about 200, not 100. Shares its column name with a public FU26 item that asks a different question: the public was asked which they would most want to understand, experts which non-experts most need to understand"
fusion_cost_infra,checkbox_item,fusion_cost_topics,fusion,Information needs,information_needs,"Now, we’d like to hear your views on the most significant risks, costs, and benefits associated with developing and deploying fusion energy in the United States. For the following questions, we are specifically interested in what you believe non-experts most need to understand when forming opinions about developing and deploying fusion energy in the United States. Which of the following costs do you think non-experts most need to understand when forming opinions about developing and deploying fusion energy in the United States? Please select the two most significant costs that non-experts should understand.","Infrastructure costs (e.g., grid upgrades, supply chains, supporting facilities)",0 = Not selected | 1 = Selected,2,checkbox,,,,,"Capped at two picks, so the shares sum to about 200, not 100. Shares its column name with a public FU26 item that asks a different question: the public was asked which they would most want to understand, experts which non-experts most need to understand"
fusion_cost_opera,checkbox_item,fusion_cost_topics,fusion,Information needs,information_needs,"Now, we’d like to hear your views on the most significant risks, costs, and benefits associated with developing and deploying fusion energy in the United States. For the following questions, we are specifically interested in what you believe non-experts most need to understand when forming opinions about developing and deploying fusion energy in the United States. Which of the following costs do you think non-experts most need to understand when forming opinions about developing and deploying fusion energy in the United States? Please select the two most significant costs that non-experts should understand.","Operations and maintenance costs (e.g., staffing, fuel production, system upkeep)",0 = Not selected | 1 = Selected,2,checkbox,,,,,"Capped at two picks, so the shares sum to about 200, not 100. Shares its column name with a public FU26 item that asks a different question: the public was asked which they would most want to understand, experts which non-experts most need to understand"
fusion_cost_decomm,checkbox_item,fusion_cost_topics,fusion,Information needs,information_needs,"Now, we’d like to hear your views on the most significant risks, costs, and benefits associated with developing and deploying fusion energy in the United States. For the following questions, we are specifically interested in what you believe non-experts most need to understand when forming opinions about developing and deploying fusion energy in the United States. Which of the following costs do you think non-experts most need to understand when forming opinions about developing and deploying fusion energy in the United States? Please select the two most significant costs that non-experts should understand.","Decommissioning and cleanup costs (e.g., safely retiring facilities and managing materials)",0 = Not selected | 1 = Selected,2,checkbox,,,,,"Capped at two picks, so the shares sum to about 200, not 100. Shares its column name with a public FU26 item that asks a different question: the public was asked which they would most want to understand, experts which non-experts most need to understand"
fusion_cost_oth,checkbox_item,fusion_cost_topics,fusion,Information needs,information_needs,"Now, we’d like to hear your views on the most significant risks, costs, and benefits associated with developing and deploying fusion energy in the United States. For the following questions, we are specifically interested in what you believe non-experts most need to understand when forming opinions about developing and deploying fusion energy in the United States. Which of the following costs do you think non-experts most need to understand when forming opinions about developing and deploying fusion energy in the United States? Please select the two most significant costs that non-experts should understand.",Other (please specify),0 = Not selected | 1 = Selected,2,checkbox,,,,,"Capped at two picks, so the shares sum to about 200, not 100. Shares its column name with a public FU26 item that asks a different question: the public was asked which they would most want to understand, experts which non-experts most need to understand"
fusion_cost_oth_spec,verbatim_followup,,fusion,Information needs,information_needs,,,,0,open_text,fusion_cost_oth = 1,it was shown only to people who picked Other here.,,,VERBATIM
fusion_ben_topics,checkbox_parent,,fusion,Information needs,information_needs,,"Now, we’d like to hear your views on the most significant risks, costs, and benefits associated with developing and deploying fusion energy in the United States. For the following questions, we are specifically interested in what you believe non-experts most need to understand when forming opinions about developing and deploying fusion energy in the United States. Which of the following benefits do you think non-experts most need to understand when forming opinions about developing and deploying fusion energy in the United States? Please select the two most significant benefits that non-experts should understand.",,0,checkbox,,,,,RANDOM ORDER. Capped at two picks. The instrument gives this stem no variable name
fusion_ben_clean,checkbox_item,fusion_ben_topics,fusion,Information needs,information_needs,"Now, we’d like to hear your views on the most significant risks, costs, and benefits associated with developing and deploying fusion energy in the United States. For the following questions, we are specifically interested in what you believe non-experts most need to understand when forming opinions about developing and deploying fusion energy in the United States. Which of the following benefits do you think non-experts most need to understand when forming opinions about developing and deploying fusion energy in the United States? Please select the two most significant benefits that non-experts should understand.","Clean energy benefits (e.g., low greenhouse gas emissions and reduced air pollution)",0 = Not selected | 1 = Selected,2,checkbox,,,,,"Capped at two picks, so the shares sum to about 200, not 100. Shares its column name with a public FU26 item that asks a different question: the public was asked which they would most want to understand, experts which non-experts most need to understand"
fusion_ben_energysec,checkbox_item,fusion_ben_topics,fusion,Information needs,information_needs,"Now, we’d like to hear your views on the most significant risks, costs, and benefits associated with developing and deploying fusion energy in the United States. For the following questions, we are specifically interested in what you believe non-experts most need to understand when forming opinions about developing and deploying fusion energy in the United States. Which of the following benefits do you think non-experts most need to understand when forming opinions about developing and deploying fusion energy in the United States? Please select the two most significant benefits that non-experts should understand.","Energy security benefits (e.g., reliable domestic energy supply)",0 = Not selected | 1 = Selected,2,checkbox,,,,,"Capped at two picks, so the shares sum to about 200, not 100. Shares its column name with a public FU26 item that asks a different question: the public was asked which they would most want to understand, experts which non-experts most need to understand"
fusion_ben_grid,checkbox_item,fusion_ben_topics,fusion,Information needs,information_needs,"Now, we’d like to hear your views on the most significant risks, costs, and benefits associated with developing and deploying fusion energy in the United States. For the following questions, we are specifically interested in what you believe non-experts most need to understand when forming opinions about developing and deploying fusion energy in the United States. Which of the following benefits do you think non-experts most need to understand when forming opinions about developing and deploying fusion energy in the United States? Please select the two most significant benefits that non-experts should understand.","Reliability and grid stability benefits (e.g., consistent power generation to support the electric grid)",0 = Not selected | 1 = Selected,2,checkbox,,,,,"Capped at two picks, so the shares sum to about 200, not 100. Shares its column name with a public FU26 item that asks a different question: the public was asked which they would most want to understand, experts which non-experts most need to understand"
fusion_ben_econ,checkbox_item,fusion_ben_topics,fusion,Information needs,information_needs,"Now, we’d like to hear your views on the most significant risks, costs, and benefits associated with developing and deploying fusion energy in the United States. For the following questions, we are specifically interested in what you believe non-experts most need to understand when forming opinions about developing and deploying fusion energy in the United States. Which of the following benefits do you think non-experts most need to understand when forming opinions about developing and deploying fusion energy in the United States? Please select the two most significant benefits that non-experts should understand.","Economic benefits (e.g., job creation, industry growth, technological leadership)",0 = Not selected | 1 = Selected,2,checkbox,,,,,"Capped at two picks, so the shares sum to about 200, not 100. Shares its column name with a public FU26 item that asks a different question: the public was asked which they would most want to understand, experts which non-experts most need to understand"
fusion_ben_safe,checkbox_item,fusion_ben_topics,fusion,Information needs,information_needs,"Now, we’d like to hear your views on the most significant risks, costs, and benefits associated with developing and deploying fusion energy in the United States. For the following questions, we are specifically interested in what you believe non-experts most need to understand when forming opinions about developing and deploying fusion energy in the United States. Which of the following benefits do you think non-experts most need to understand when forming opinions about developing and deploying fusion energy in the United States? Please select the two most significant benefits that non-experts should understand.","Safety advantages compared to other energy sources (e.g., lower risk of large-scale accidents)",0 = Not selected | 1 = Selected,2,checkbox,,,,,"Capped at two picks, so the shares sum to about 200, not 100. Shares its column name with a public FU26 item that asks a different question: the public was asked which they would most want to understand, experts which non-experts most need to understand"
fusion_ben_oth,checkbox_item,fusion_ben_topics,fusion,Information needs,information_needs,"Now, we’d like to hear your views on the most significant risks, costs, and benefits associated with developing and deploying fusion energy in the United States. For the following questions, we are specifically interested in what you believe non-experts most need to understand when forming opinions about developing and deploying fusion energy in the United States. Which of the following benefits do you think non-experts most need to understand when forming opinions about developing and deploying fusion energy in the United States? Please select the two most significant benefits that non-experts should understand.",Other (please specify),0 = Not selected | 1 = Selected,2,checkbox,,,,,"Capped at two picks, so the shares sum to about 200, not 100. Shares its column name with a public FU26 item that asks a different question: the public was asked which they would most want to understand, experts which non-experts most need to understand"
fusion_ben_oth_spec,verbatim_followup,,fusion,Information needs,information_needs,,,,0,open_text,fusion_ben_oth = 1,it was shown only to people who picked Other here.,,,VERBATIM
fusion_mis,question,,fusion,Communication,information_needs | open_feedback,"This portion of the survey is nearly complete. We have two final questions to capture any additional insights you may be willing to share based on your experience. If you do not have time or do not have additional perspectives to share, it is perfectly fine to skip one or both questions and continue the survey.","In your view, what aspects of fusion energy are most commonly misunderstood by non-experts?",,0,open_text,,,,,VERBATIM
fusion_change_dis,question,,fusion,Communication,information_needs | open_feedback,,"If you could change one thing about how fusion energy is currently discussed outside the expert community, what would you change?",,0,open_text,,,,,VERBATIM
fusion_pub_conf,question,,fusion,Perceptions of the public,awareness,"Now we will shift focus. Rather than asking about your personal views, we are interested in understanding how you think members of the public view fusion energy. To do this, we will show you a selection of questions drawn from a recently conducted, nationally representative public survey on fusion energy. For each question, we ask that you indicate your best estimate of how (on average) members of the public responded, rather than what you personally believe.","Before we begin, how confident do you feel in your understanding of public views about fusion energy?",1 = Not at all confident | 2 = Slightly confident | 3 = Moderately confident | 4 = Very confident | 5 = Extremely confident,5,confidence_5,,,,,
fusion_pub_word,checkbox_parent,,fusion,Word association,awareness,,The first question in the public survey was open-ended and asked respondents to list the first three words or phrases that come to mind when they hear the term fusion energy. What do you think were the most common words or phrases provided by members of the public in response to this question? Please list up to three words or short phrases.,,0,open_text,,,,,VERBATIM. The instrument names the parent and each of the three slots
fusion_pub_word_1,question,fusion_pub_word,fusion,Word association,awareness,The first question in the public survey was open-ended and asked respondents to list the first three words or phrases that come to mind when they hear the term fusion energy. What do you think were the most common words or phrases provided by members of the public in response to this question? Please list up to three words or short phrases.,Phrase 1,,0,open_text,,,word_1,prediction,"VERBATIM. Three slots, one phrase each"
fusion_pub_word_2,question,fusion_pub_word,fusion,Word association,awareness,The first question in the public survey was open-ended and asked respondents to list the first three words or phrases that come to mind when they hear the term fusion energy. What do you think were the most common words or phrases provided by members of the public in response to this question? Please list up to three words or short phrases.,Phrase 2,,0,open_text,,,word_1,prediction,"VERBATIM. Three slots, one phrase each"
fusion_pub_word_3,question,fusion_pub_word,fusion,Word association,awareness,The first question in the public survey was open-ended and asked respondents to list the first three words or phrases that come to mind when they hear the term fusion energy. What do you think were the most common words or phrases provided by members of the public in response to this question? Please list up to three words or short phrases.,Phrase 3,,0,open_text,,,word_1,prediction,"VERBATIM. Three slots, one phrase each"
fusion_pub_feel,question,,fusion,Word association,awareness,"After providing their word or phrase associations, public survey respondents were asked how those words made them feel.","On average, how do you think the public felt about the words or phrases they provided?",1 = Very negative | 2 = Somewhat negative | 3 = Neither positive nor negative | 4 = Somewhat positive | 5 = Very positive,5,feeling_5_sme,,,word_1_feel,prediction,The public scale labels 2 and 4 'Negative' and 'Positive'; this one says 'Somewhat negative' and 'Somewhat positive'
fusion_pub_know,question,,fusion,Awareness and knowledge,awareness,"Public survey respondents were shown a short, neutral description of fusion energy and then asked whether they had heard of fusion energy prior to reading the description.",What percentage of the public do you think said they had heard of fusion energy?,1 = 0–20% | 2 = 21–40% | 3 = 41–60% | 4 = 61–80% | 5 = 81–100%,5,pct_band_5,,,fusion_know,prediction,
fusion_pub_opp,question,,fusion,Support and expectations,support,The public survey then shifted to measuring public support. Respondents were first asked how they felt about the construction and use of fusion power plants to generate electricity in the United States. Please make sure your responses for the next three questions add up to 100.,What percentage of respondents do you think opposed the construction and use of fusion power plants to generate electricity in the United States?,,0,numeric_0_100,,,new_fusion,prediction,Dropdown 0-100 in steps of 5. The three are meant to sum to 100
fusion_pub_mid,question,,fusion,Support and expectations,support,The public survey then shifted to measuring public support. Respondents were first asked how they felt about the construction and use of fusion power plants to generate electricity in the United States. Please make sure your responses for the next three questions add up to 100.,"What percentage of respondents do you think neither supported nor opposed the construction and use of fusion power plants to generate electricity in the United States (i.e., selected the midpoint of the support–opposition scale)?",,0,numeric_0_100,,,new_fusion,prediction,Dropdown 0-100 in steps of 5. The three are meant to sum to 100
fusion_pub_sup,question,,fusion,Support and expectations,support,The public survey then shifted to measuring public support. Respondents were first asked how they felt about the construction and use of fusion power plants to generate electricity in the United States. Please make sure your responses for the next three questions add up to 100.,What percentage of respondents do you think supported the construction and use of fusion power plants to generate electricity in the United States?,,0,numeric_0_100,,,new_fusion,prediction,Dropdown 0-100 in steps of 5. The three are meant to sum to 100
fusion_pub_time,question,,fusion,Support and expectations,timeline,Public survey respondents were then asked to estimate how long it would take before fusion energy technology would be ready for widespread use in the United States.,Which of the following do you think was the most common response?,1 = 1 to 5 years | 2 = 5 to 10 years | 3 = 10 to 25 years | 4 = 25 to 50 years | 5 = 50 to 100 years | 6 = It will never be ready for widespread use,6,timeline_6_overlap,,,fusion_time,prediction,"These are FU25's overlapping bands, not the fixed ones FU26 asked and this item is predicting - a respondent who thought 'ten years' has two valid answers"
fusion_pub_rb_risk,question,,fusion,"Risks, costs, and benefits",risk_perception,"Next, the public survey included a series of questions designed to assess perceptions of the potential risks and benefits of fusion energy. Respondents were first asked to rate the overall balance of risks and benefits associated with fusion energy in the United States given what they knew or had heard about it. Please make sure your responses for the next three questions add up to 100.",What percentage of respondents do you think said the risks outweigh the benefits of fusion energy in the United States?,,0,numeric_0_100,,,fusion_risk_ben,prediction,Dropdown 0-100 in steps of 5. The three are meant to sum to 100
fusion_pub_rb_mid,question,,fusion,"Risks, costs, and benefits",risk_perception,"Next, the public survey included a series of questions designed to assess perceptions of the potential risks and benefits of fusion energy. Respondents were first asked to rate the overall balance of risks and benefits associated with fusion energy in the United States given what they knew or had heard about it. Please make sure your responses for the next three questions add up to 100.","What percentage of respondents do you think said the risks and benefits are about equal (i.e., selected the midpoint of the risk–benefit scale)?",,0,numeric_0_100,,,fusion_risk_ben,prediction,Dropdown 0-100 in steps of 5. The three are meant to sum to 100
fusion_pub_rb_ben,question,,fusion,"Risks, costs, and benefits",risk_perception,"Next, the public survey included a series of questions designed to assess perceptions of the potential risks and benefits of fusion energy. Respondents were first asked to rate the overall balance of risks and benefits associated with fusion energy in the United States given what they knew or had heard about it. Please make sure your responses for the next three questions add up to 100.",What percentage of respondents do you think said the benefits outweigh the risks of fusion energy in the United States?,,0,numeric_0_100,,,fusion_risk_ben,prediction,Dropdown 0-100 in steps of 5. The three are meant to sum to 100
fusion_argue_for,checkbox_parent,,fusion,Investment and arguments,arguments,,Public survey respondents were then shown a series of arguments both for and against investing in fusion energy and asked to indicate how persuasive they found each argument. The arguments for investing in fusion energy were as follows. Please rank these arguments in the order you think public survey respondents would find them persuasive. Drag the arguments to arrange them in order from most persuasive at the top; least persuasive at the bottom.,,0,rank_4,,,,,"RANDOM ORDER. Ranked by dragging, so the data holds a rank rather than a 0/1 indicator. A lower number is a higher placing"
fusion_argue_for_clean,rank_item,fusion_argue_for,fusion,Investment and arguments,arguments,Public survey respondents were then shown a series of arguments both for and against investing in fusion energy and asked to indicate how persuasive they found each argument. The arguments for investing in fusion energy were as follows. Please rank these arguments in the order you think public survey respondents would find them persuasive. Drag the arguments to arrange them in order from most persuasive at the top; least persuasive at the bottom.,"Clean Energy: Fusion energy produces no greenhouse gas emissions during operation, helping to fight climate change.",0 = Not selected | 1 = Selected,2,rank_4,,,,,"Ranked by dragging, so the data holds a rank rather than a 0/1 indicator. A lower number is a higher placing"
fusion_argue_for_fuel,rank_item,fusion_argue_for,fusion,Investment and arguments,arguments,Public survey respondents were then shown a series of arguments both for and against investing in fusion energy and asked to indicate how persuasive they found each argument. The arguments for investing in fusion energy were as follows. Please rank these arguments in the order you think public survey respondents would find them persuasive. Drag the arguments to arrange them in order from most persuasive at the top; least persuasive at the bottom.,"Abundant Fuel Supply: Fusion relies on isotopes of hydrogen, which are abundant and can be extracted from water or bred within the reactor itself. This makes it a potentially limitless and sustainable energy source.",0 = Not selected | 1 = Selected,2,rank_4,,,,,"Ranked by dragging, so the data holds a rank rather than a 0/1 indicator. A lower number is a higher placing"
fusion_argue_for_sec,rank_item,fusion_argue_for,fusion,Investment and arguments,arguments,Public survey respondents were then shown a series of arguments both for and against investing in fusion energy and asked to indicate how persuasive they found each argument. The arguments for investing in fusion energy were as follows. Please rank these arguments in the order you think public survey respondents would find them persuasive. Drag the arguments to arrange them in order from most persuasive at the top; least persuasive at the bottom.,Energy Security: Fusion could reduce reliance on fossil fuels and imported energy. It offers the potential for domestic energy production that is safe and stable.,0 = Not selected | 1 = Selected,2,rank_4,,,,,"Ranked by dragging, so the data holds a rank rather than a 0/1 indicator. A lower number is a higher placing"
fusion_argue_for_econ,rank_item,fusion_argue_for,fusion,Investment and arguments,arguments,Public survey respondents were then shown a series of arguments both for and against investing in fusion energy and asked to indicate how persuasive they found each argument. The arguments for investing in fusion energy were as follows. Please rank these arguments in the order you think public survey respondents would find them persuasive. Drag the arguments to arrange them in order from most persuasive at the top; least persuasive at the bottom.,Scientific and Economic Advancement: Investing in fusion energy could lead to major scientific breakthroughs and create high-tech jobs. It positions the US as a global leader in energy innovation.,0 = Not selected | 1 = Selected,2,rank_4,,,,,"Ranked by dragging, so the data holds a rank rather than a 0/1 indicator. A lower number is a higher placing"
fusion_argue_against,checkbox_parent,,fusion,Investment and arguments,arguments,,The arguments against investing in fusion energy were as follows. Please rank these arguments in the order you think public survey respondents would find them persuasive. Drag the arguments to arrange them in order from most persuasive at the top; least persuasive at the bottom.,,0,rank_4,,,,,"RANDOM ORDER. Ranked by dragging, so the data holds a rank rather than a 0/1 indicator. A lower number is a higher placing"
fusion_argue_ag_cost,rank_item,fusion_argue_against,fusion,Investment and arguments,arguments,The arguments against investing in fusion energy were as follows. Please rank these arguments in the order you think public survey respondents would find them persuasive. Drag the arguments to arrange them in order from most persuasive at the top; least persuasive at the bottom.,"High Costs: Fusion energy projects require billions of dollars in funding, with no guarantee of success. This money might be better spent on advancing proven energy sources.",0 = Not selected | 1 = Selected,2,rank_4,,,,,"Ranked by dragging, so the data holds a rank rather than a 0/1 indicator. A lower number is a higher placing"
fusion_argue_ag_time,rank_item,fusion_argue_against,fusion,Investment and arguments,arguments,The arguments against investing in fusion energy were as follows. Please rank these arguments in the order you think public survey respondents would find them persuasive. Drag the arguments to arrange them in order from most persuasive at the top; least persuasive at the bottom.,"Long Development Timeline: Despite decades of research, fusion energy remains decades away from being commercially viable. It may not provide solutions to immediate energy challenges.",0 = Not selected | 1 = Selected,2,rank_4,,,,,"Ranked by dragging, so the data holds a rank rather than a 0/1 indicator. A lower number is a higher placing"
fusion_argue_ag_tech,rank_item,fusion_argue_against,fusion,Investment and arguments,arguments,The arguments against investing in fusion energy were as follows. Please rank these arguments in the order you think public survey respondents would find them persuasive. Drag the arguments to arrange them in order from most persuasive at the top; least persuasive at the bottom.,"Technical Challenges: Fusion requires extreme conditions, like temperatures hotter than the sun, to operate. These conditions make the technology complex, risky, and difficult to scale up.",0 = Not selected | 1 = Selected,2,rank_4,,,,,"Ranked by dragging, so the data holds a rank rather than a 0/1 indicator. A lower number is a higher placing"
fusion_argue_ag_waste,rank_item,fusion_argue_against,fusion,Investment and arguments,arguments,The arguments against investing in fusion energy were as follows. Please rank these arguments in the order you think public survey respondents would find them persuasive. Drag the arguments to arrange them in order from most persuasive at the top; least persuasive at the bottom.,"Radioactive Byproducts: While fusion produces fewer and shorter-lived radioactive byproducts than traditional nuclear power, it still generates some materials that remain radioactive and require careful management to ensure safety for people and the environment.",0 = Not selected | 1 = Selected,2,rank_4,,,,,"Ranked by dragging, so the data holds a rank rather than a 0/1 indicator. A lower number is a higher placing"
fusion_trust_rank,checkbox_parent,,fusion,Trust in institutions,trust,,"Finally, public survey respondents were asked to indicate their level of trust in information about fusion energy provided by technical experts from each of the following organizations. Please rank these sources in the order that you believe public survey respondents trusted them, from most to least trusted. Drag the actors to arrange them in order from most trusted at the top; least trusted at the bottom.",,0,rank_9,,,,,"RANDOM ORDER. Ranked by dragging, so the data holds a rank rather than a 0/1 indicator. A lower number is a higher placing"
fusion_trust_nrc,rank_item,fusion_trust_rank,fusion,Trust in institutions,trust,"Finally, public survey respondents were asked to indicate their level of trust in information about fusion energy provided by technical experts from each of the following organizations. Please rank these sources in the order that you believe public survey respondents trusted them, from most to least trusted. Drag the actors to arrange them in order from most trusted at the top; least trusted at the bottom.",US Nuclear Regulatory Commission,0 = Not selected | 1 = Selected,2,rank_9,,,,,"Ranked by dragging, so the data holds a rank rather than a 0/1 indicator. A lower number is a higher placing"
fusion_trust_epa,rank_item,fusion_trust_rank,fusion,Trust in institutions,trust,"Finally, public survey respondents were asked to indicate their level of trust in information about fusion energy provided by technical experts from each of the following organizations. Please rank these sources in the order that you believe public survey respondents trusted them, from most to least trusted. Drag the actors to arrange them in order from most trusted at the top; least trusted at the bottom.",US Environmental Protection Agency,0 = Not selected | 1 = Selected,2,rank_9,,,,,"Ranked by dragging, so the data holds a rank rather than a 0/1 indicator. A lower number is a higher placing"
fusion_trust_lab,rank_item,fusion_trust_rank,fusion,Trust in institutions,trust,"Finally, public survey respondents were asked to indicate their level of trust in information about fusion energy provided by technical experts from each of the following organizations. Please rank these sources in the order that you believe public survey respondents trusted them, from most to least trusted. Drag the actors to arrange them in order from most trusted at the top; least trusted at the bottom.",US national laboratories for energy and security,0 = Not selected | 1 = Selected,2,rank_9,,,,,"Ranked by dragging, so the data holds a rank rather than a 0/1 indicator. A lower number is a higher placing"
fusion_trust_nas,rank_item,fusion_trust_rank,fusion,Trust in institutions,trust,"Finally, public survey respondents were asked to indicate their level of trust in information about fusion energy provided by technical experts from each of the following organizations. Please rank these sources in the order that you believe public survey respondents trusted them, from most to least trusted. Drag the actors to arrange them in order from most trusted at the top; least trusted at the bottom.",National Academy of Sciences,0 = Not selected | 1 = Selected,2,rank_9,,,,,"Ranked by dragging, so the data holds a rank rather than a 0/1 indicator. A lower number is a higher placing"
fusion_trust_env,rank_item,fusion_trust_rank,fusion,Trust in institutions,trust,"Finally, public survey respondents were asked to indicate their level of trust in information about fusion energy provided by technical experts from each of the following organizations. Please rank these sources in the order that you believe public survey respondents trusted them, from most to least trusted. Drag the actors to arrange them in order from most trusted at the top; least trusted at the bottom.",Environmental advocacy groups,0 = Not selected | 1 = Selected,2,rank_9,,,,,"Ranked by dragging, so the data holds a rank rather than a 0/1 indicator. A lower number is a higher placing"
fusion_trust_comp,rank_item,fusion_trust_rank,fusion,Trust in institutions,trust,"Finally, public survey respondents were asked to indicate their level of trust in information about fusion energy provided by technical experts from each of the following organizations. Please rank these sources in the order that you believe public survey respondents trusted them, from most to least trusted. Drag the actors to arrange them in order from most trusted at the top; least trusted at the bottom.",Technology companies that are researching and developing fusion energy,0 = Not selected | 1 = Selected,2,rank_9,,,,,"Ranked by dragging, so the data holds a rank rather than a 0/1 indicator. A lower number is a higher placing"
fusion_trust_doe,rank_item,fusion_trust_rank,fusion,Trust in institutions,trust,"Finally, public survey respondents were asked to indicate their level of trust in information about fusion energy provided by technical experts from each of the following organizations. Please rank these sources in the order that you believe public survey respondents trusted them, from most to least trusted. Drag the actors to arrange them in order from most trusted at the top; least trusted at the bottom.",US Department of Energy,0 = Not selected | 1 = Selected,2,rank_9,,,,,"Ranked by dragging, so the data holds a rank rather than a 0/1 indicator. A lower number is a higher placing"
fusion_trust_univ,rank_item,fusion_trust_rank,fusion,Trust in institutions,trust,"Finally, public survey respondents were asked to indicate their level of trust in information about fusion energy provided by technical experts from each of the following organizations. Please rank these sources in the order that you believe public survey respondents trusted them, from most to least trusted. Drag the actors to arrange them in order from most trusted at the top; least trusted at the bottom.",University scientists that study fusion energy,0 = Not selected | 1 = Selected,2,rank_9,,,,,"Ranked by dragging, so the data holds a rank rather than a 0/1 indicator. A lower number is a higher placing"
fusion_trust_media,rank_item,fusion_trust_rank,fusion,Trust in institutions,trust,"Finally, public survey respondents were asked to indicate their level of trust in information about fusion energy provided by technical experts from each of the following organizations. Please rank these sources in the order that you believe public survey respondents trusted them, from most to least trusted. Drag the actors to arrange them in order from most trusted at the top; least trusted at the bottom.",News or media,0 = Not selected | 1 = Selected,2,rank_9,,,,,"Ranked by dragging, so the data holds a rank rather than a 0/1 indicator. A lower number is a higher placing"
fusion_sup_cor,checkbox_parent,,fusion,Perceptions of the public,support,,"There are many factors that may be associated with public views on fusion energy. If you had to guess, which of the following do you think are the strongest correlates of public support for fusion energy? Please select up to three.",,0,checkbox,,,,,RANDOM ORDER. Capped at three picks
fusion_sup_cor_age,checkbox_item,fusion_sup_cor,fusion,Perceptions of the public,support,"There are many factors that may be associated with public views on fusion energy. If you had to guess, which of the following do you think are the strongest correlates of public support for fusion energy? Please select up to three.",Age,0 = Not selected | 1 = Selected,2,checkbox,,,,,"Capped at three picks, so the shares sum to about 300, not 100"
fusion_sup_cor_educ,checkbox_item,fusion_sup_cor,fusion,Perceptions of the public,support,"There are many factors that may be associated with public views on fusion energy. If you had to guess, which of the following do you think are the strongest correlates of public support for fusion energy? Please select up to three.",Education,0 = Not selected | 1 = Selected,2,checkbox,,,,,"Capped at three picks, so the shares sum to about 300, not 100"
fusion_sup_cor_gender,checkbox_item,fusion_sup_cor,fusion,Perceptions of the public,support,"There are many factors that may be associated with public views on fusion energy. If you had to guess, which of the following do you think are the strongest correlates of public support for fusion energy? Please select up to three.",Gender,0 = Not selected | 1 = Selected,2,checkbox,,,,,"Capped at three picks, so the shares sum to about 300, not 100"
fusion_sup_cor_income,checkbox_item,fusion_sup_cor,fusion,Perceptions of the public,support,"There are many factors that may be associated with public views on fusion energy. If you had to guess, which of the following do you think are the strongest correlates of public support for fusion energy? Please select up to three.",Income,0 = Not selected | 1 = Selected,2,checkbox,,,,,"Capped at three picks, so the shares sum to about 300, not 100"
fusion_sup_cor_race,checkbox_item,fusion_sup_cor,fusion,Perceptions of the public,support,"There are many factors that may be associated with public views on fusion energy. If you had to guess, which of the following do you think are the strongest correlates of public support for fusion energy? Please select up to three.",Race/ethnicity,0 = Not selected | 1 = Selected,2,checkbox,,,,,"Capped at three picks, so the shares sum to about 300, not 100"
fusion_sup_cor_party,checkbox_item,fusion_sup_cor,fusion,Perceptions of the public,support,"There are many factors that may be associated with public views on fusion energy. If you had to guess, which of the following do you think are the strongest correlates of public support for fusion energy? Please select up to three.",Partisanship or political ideology,0 = Not selected | 1 = Selected,2,checkbox,,,,,"Capped at three picks, so the shares sum to about 300, not 100"
fusion_sup_cor_aware,checkbox_item,fusion_sup_cor,fusion,Perceptions of the public,support,"There are many factors that may be associated with public views on fusion energy. If you had to guess, which of the following do you think are the strongest correlates of public support for fusion energy? Please select up to three.",Prior awareness or familiarity with fusion energy,0 = Not selected | 1 = Selected,2,checkbox,,,,,"Capped at three picks, so the shares sum to about 300, not 100"
fusion_sup_cor_trust,checkbox_item,fusion_sup_cor,fusion,Perceptions of the public,support,"There are many factors that may be associated with public views on fusion energy. If you had to guess, which of the following do you think are the strongest correlates of public support for fusion energy? Please select up to three.",Trust in scientists or scientific institutions,0 = Not selected | 1 = Selected,2,checkbox,,,,,"Capped at three picks, so the shares sum to about 300, not 100"
fusion_sup_cor_fission,checkbox_item,fusion_sup_cor,fusion,Perceptions of the public,support,"There are many factors that may be associated with public views on fusion energy. If you had to guess, which of the following do you think are the strongest correlates of public support for fusion energy? Please select up to three.",Views toward traditional nuclear (fission) energy,0 = Not selected | 1 = Selected,2,checkbox,,,,,"Capped at three picks, so the shares sum to about 300, not 100"
fusion_sup_cor_climate,checkbox_item,fusion_sup_cor,fusion,Perceptions of the public,support,"There are many factors that may be associated with public views on fusion energy. If you had to guess, which of the following do you think are the strongest correlates of public support for fusion energy? Please select up to three.",Concern about climate change or environmental issues,0 = Not selected | 1 = Selected,2,checkbox,,,,,"Capped at three picks, so the shares sum to about 300, not 100"
