item,theme,label,theme_order,published
misunderstood,fission,The difference between fusion and fission,1,yes
misunderstood,difficulty,How hard the remaining science and engineering is,2,yes
misunderstood,timeline,How close it is to producing power,3,yes
misunderstood,supply,Fuel supply and the supply chain,4,yes
misunderstood,safety,The safety profile,5,yes
misunderstood,waste,That it still produces radioactive waste,6,yes
misunderstood,hype,Telling real progress from hype,7,yes
misunderstood,cost,What it will cost and whether it can compete,8,yes
misunderstood,investment,How much investment it needs and what under-investing risks,9,yes
misunderstood,benefits,"The benefits, which are underestimated",10,yes
misunderstood,approaches,"That there are several approaches, not one",11,yes
change,hype,Turn down the hype,1,yes
change,honesty,Be candid about risks and readiness,2,yes
change,timeline,Stop promising near-term power on the grid,3,yes
change,benefits,Say more about what it would deliver,4,yes
change,progress,Push back on the idea that it will never arrive,5,yes
change,fission,Explain how it relates to fission,6,yes
change,challenges,Talk about the technical work still to do,7,yes
change,education,Teach it and cover it better,8,yes
change,strategic,Treat it as a national imperative,9,yes
change,economics,Argue the economics honestly,10,yes
change,invest,Fund it at the scale it needs,11,yes
change,approaches,Cover the range of approaches,12,yes
change,engage,Bring the public into the conversation,13,yes
change,none,No answer given,14,no
