item,case_id,theme
misunderstood,R_6cADFDUZqsJzlam,difficulty
misunderstood,R_80SdcHFCSU62kW3,fission
misunderstood,R_7QFzszWaaWEUG0s,timeline
misunderstood,R_9GXkYm0P1m5EdKF,cost
misunderstood,R_6X7LbncvMZzyFej,fission
misunderstood,R_3atzta56HvAXMY1,fission
misunderstood,R_6rZAESDTOvNnVOT,fission
misunderstood,R_5gY3eeqwW2kscoI,difficulty
misunderstood,R_3CkZ56i2x0R1NJm,fission
misunderstood,R_7JQ4dXLTEIgOvdC,approaches
misunderstood,R_1wAd0nmaVsCc4sj,hype
misunderstood,R_6h0iAKLqB63iPAE,fission
misunderstood,R_5L3MAaOxOvskIDL,fission
misunderstood,R_7vIfFmB3F2W5Os9,difficulty
misunderstood,R_1sZUsUqqG9IS1fy,fission
misunderstood,R_50hGNHJlcQUq36F,supply
misunderstood,R_7K0HSivZK8aMs8h,fission
misunderstood,R_1Zxu2CmV5F0VvSF,timeline
misunderstood,R_3cY5tlIYfCVUEip,investment
misunderstood,R_7rVIxXeVPBZkaKZ,fission
misunderstood,R_12SJUegA45FF3Vf,timeline
misunderstood,R_5QAZDhmpn9bzdyg,fission
misunderstood,R_7XL9bfckbiPgbSx,difficulty
misunderstood,R_5HSMO5xzRRT6g9D,fission
misunderstood,R_717LVjBxBbb5BcT,fission
misunderstood,R_1Knu6Qub0Csur6x,fission
misunderstood,R_1EnqSvUr2ERhN5H,safety
misunderstood,R_50OwsXLjS16cvAr,difficulty
misunderstood,R_1YnPsUNtTNBIzRv,timeline
misunderstood,R_5tyDQnd4XRrFtpt,timeline
misunderstood,R_6L0kdosuZLyB0Ni,investment
misunderstood,R_7PqahYDEiLhRyEW,timeline
misunderstood,R_7HJpSAJnHko4xVv,fission
misunderstood,R_6DvsUTRgC7GpwQ1,waste
misunderstood,R_1EFQxxs6FJAcxTj,fission
misunderstood,R_754ndqwjTJWyyMV,difficulty
misunderstood,R_6R930sxXYh33IId,waste
misunderstood,R_5gBj0z4bLir9hR4,timeline
misunderstood,R_61Gg4V8xJvMOsNu,timeline
misunderstood,R_50uQ9Tpp3gSKo0j,investment
misunderstood,R_32raKqEWGGy9TY6,timeline
misunderstood,R_70H05MxrMSjdopk,cost
misunderstood,R_5csNRRK05EkIncJ,timeline
misunderstood,R_37NDb7NV85IjOLL,difficulty
misunderstood,R_1FbQvqXErst1TnR,difficulty
misunderstood,R_5S2ZcVYhIs9bsJS,hype
misunderstood,R_3WND8nrsuGgMW9M,waste
misunderstood,R_6ly0Pf67e99TMxs,timeline
misunderstood,R_1QSg7JpUbgSNA5I,supply
misunderstood,R_65FyEs9P5RyL26c,difficulty
misunderstood,R_1H5MEV54K7j445g,difficulty
misunderstood,R_1cOCuZ2PeQyfJvP,waste
misunderstood,R_5rG8Cpgri3axYe6,safety
misunderstood,R_5qr5FWF0rZt42AI,difficulty
misunderstood,R_8lAirG8OX6X31Nx,investment
misunderstood,R_5pKXoOpciuCH9yo,fission
misunderstood,R_3U4R2TE8SmZHrBO,fission
misunderstood,R_1TXomlVsL96MKg7,fission
misunderstood,R_6dC9uknITvd9qjD,fission
misunderstood,R_7TT6cybbPyjPPJ6,fission
misunderstood,R_3w0eYOZpAcCQEdb,fission
misunderstood,R_3hyTUz3onK0FdwV,fission
misunderstood,R_3EzJ5uvm9Tutk4s,fission
misunderstood,R_1Ojh60lLMh3x3Jn,difficulty
misunderstood,R_6pLxFqE7BVPATou,benefits
misunderstood,R_6Rp5jBRlcNg0ccp,difficulty
misunderstood,R_8NJJYJtYmJgC75t,fission
misunderstood,R_7KZtxo7SdaSUPfh,supply
misunderstood,R_6co9wYwSjG7VCsH,waste
misunderstood,R_1qeEjT14p1Jw9lP,benefits
misunderstood,R_70Tbtf7ZUzcqoSL,hype
misunderstood,R_5chmD364Tygro1r,difficulty
misunderstood,R_5dLXbFdiLl9Vu6G,hype
misunderstood,R_3ISkZKNo3T10Sdg,difficulty
misunderstood,R_5O9G5aQCFzTlUxb,safety
misunderstood,R_3fz0zFsH28uuNbP,fission
misunderstood,R_7SXAu4YPZX3ncqZ,fission
misunderstood,R_3rJvPGEsxjwEswK,difficulty
misunderstood,R_5yMNJ6fwLOV0itP,cost
misunderstood,R_3sZKB5ym1TeJofA,fission
misunderstood,R_1XGqbrX7QRbPUQx,safety
misunderstood,R_3mjUAKmYCuLfDTd,supply
misunderstood,R_6yady4f2N7sZjNL,difficulty
misunderstood,R_3dfPeXAnzKNj3fu,fission
misunderstood,R_1LYIL4llDFi6QTD,cost
misunderstood,R_3ruHmZtlbgVf21l,fission
misunderstood,R_7PjgU9dBq5Q4SLX,fission
misunderstood,R_5NIGQjQU4NPYUG4,hype
misunderstood,R_7iPuq8gDRwocYvv,timeline
misunderstood,R_7pkXQkdVLcp5zTx,fission
misunderstood,R_30uTbuxN9G7zUUh,timeline
misunderstood,R_68UjWMok4BLCS99,timeline
misunderstood,R_62i8IxEQkQaSHPr,hype
misunderstood,R_53DacPz8xoj92IS,safety
misunderstood,R_7NHEt158drGCD6N,fission
misunderstood,R_6t4YMGZkejuf1gT,fission
misunderstood,R_670WH1gXVJmU5JP,difficulty
misunderstood,R_1hzrj9pD3HrWPFx,fission
misunderstood,R_6nPMvIzfZSQiPtf,fission
misunderstood,R_5cAZOApixrG32ug,timeline
misunderstood,R_6M6C2xtWdmSo4wL,timeline
misunderstood,R_85HBTihvu6y31os,safety
misunderstood,R_5iWlxhmFYzVWd2j,difficulty
misunderstood,R_5ymyvRlRAeOJJmh,fission
misunderstood,R_5dSaBuxENziPzYl,cost
misunderstood,R_1CxKATBMi04hNZr,fission
misunderstood,R_3foJPq1vDlLH39V,fission
misunderstood,R_3EthAhqy0xmpRu1,timeline
misunderstood,R_13CqBQJBFkOkTBx,supply
misunderstood,R_1kSyfhZzdFl8mWI,fission
misunderstood,R_3wno64z9v4EQtWV,waste
misunderstood,R_3CUkirRRKheEWlj,fission
misunderstood,R_5M5Vpn86LiBhAFL,supply
misunderstood,R_3cq0fgbGRMt41C7,supply
misunderstood,R_7qbZLWjnbSQvQoF,safety
misunderstood,R_7X6Qc7etD8e616F,investment
misunderstood,R_7KqAig1OPk9HlUS,benefits
misunderstood,R_6c1CcbBNxBw9v0Z,timeline
misunderstood,R_5NEqWcs1RWcJ5Xa,fission
misunderstood,R_1U7h7x2XPAc8vjX,fission
misunderstood,R_1geDtOmb1RpD3RT,approaches
misunderstood,R_7xJBoS7xZZTXPcm,fission
change,R_6cADFDUZqsJzlam,engage
change,R_80SdcHFCSU62kW3,invest
change,R_7QFzszWaaWEUG0s,progress
change,R_9GXkYm0P1m5EdKF,economics
change,R_6X7LbncvMZzyFej,fission
change,R_3atzta56HvAXMY1,engage
change,R_6rZAESDTOvNnVOT,strategic
change,R_5gY3eeqwW2kscoI,challenges
change,R_3CkZ56i2x0R1NJm,timeline
change,R_7JQ4dXLTEIgOvdC,honesty
change,R_1wAd0nmaVsCc4sj,honesty
change,R_6h0iAKLqB63iPAE,honesty
change,R_5L3MAaOxOvskIDL,benefits
change,R_7vIfFmB3F2W5Os9,challenges
change,R_1sZUsUqqG9IS1fy,strategic
change,R_50hGNHJlcQUq36F,fission
change,R_7K0HSivZK8aMs8h,challenges
change,R_1Zxu2CmV5F0VvSF,hype
change,R_3cY5tlIYfCVUEip,invest
change,R_7rVIxXeVPBZkaKZ,hype
change,R_12SJUegA45FF3Vf,hype
change,R_5QAZDhmpn9bzdyg,timeline
change,R_5HSMO5xzRRT6g9D,approaches
change,R_717LVjBxBbb5BcT,approaches
change,R_1Knu6Qub0Csur6x,honesty
change,R_1EnqSvUr2ERhN5H,education
change,R_50OwsXLjS16cvAr,education
change,R_1YnPsUNtTNBIzRv,honesty
change,R_6L0kdosuZLyB0Ni,education
change,R_7PqahYDEiLhRyEW,hype
change,R_7HJpSAJnHko4xVv,progress
change,R_61RhFvCkV7zbnoJ,honesty
change,R_6DvsUTRgC7GpwQ1,none
change,R_1EFQxxs6FJAcxTj,education
change,R_754ndqwjTJWyyMV,benefits
change,R_6R930sxXYh33IId,timeline
change,R_5gBj0z4bLir9hR4,progress
change,R_61Gg4V8xJvMOsNu,progress
change,R_50uQ9Tpp3gSKo0j,economics
change,R_32raKqEWGGy9TY6,timeline
change,R_70H05MxrMSjdopk,progress
change,R_5csNRRK05EkIncJ,progress
change,R_37NDb7NV85IjOLL,hype
change,R_1FbQvqXErst1TnR,honesty
change,R_5S2ZcVYhIs9bsJS,honesty
change,R_3WND8nrsuGgMW9M,challenges
change,R_6ly0Pf67e99TMxs,approaches
change,R_1QSg7JpUbgSNA5I,timeline
change,R_1H5MEV54K7j445g,hype
change,R_1cOCuZ2PeQyfJvP,honesty
change,R_7qNLmLf2SmpPQqp,hype
change,R_5rG8Cpgri3axYe6,fission
change,R_5qr5FWF0rZt42AI,challenges
change,R_8lAirG8OX6X31Nx,timeline
change,R_5Cjq7pcNl1Ik9sw,honesty
change,R_5pKXoOpciuCH9yo,fission
change,R_3U4R2TE8SmZHrBO,benefits
change,R_1TXomlVsL96MKg7,hype
change,R_6dC9uknITvd9qjD,fission
change,R_7TT6cybbPyjPPJ6,timeline
change,R_3w0eYOZpAcCQEdb,strategic
change,R_3hyTUz3onK0FdwV,fission
change,R_3EzJ5uvm9Tutk4s,benefits
change,R_1Ojh60lLMh3x3Jn,hype
change,R_6pLxFqE7BVPATou,honesty
change,R_6Rp5jBRlcNg0ccp,timeline
change,R_8NJJYJtYmJgC75t,fission
change,R_7KZtxo7SdaSUPfh,honesty
change,R_6co9wYwSjG7VCsH,benefits
change,R_70Tbtf7ZUzcqoSL,challenges
change,R_5chmD364Tygro1r,benefits
change,R_5dLXbFdiLl9Vu6G,education
change,R_3ISkZKNo3T10Sdg,hype
change,R_5O9G5aQCFzTlUxb,benefits
change,R_3rJvPGEsxjwEswK,hype
change,R_3sZKB5ym1TeJofA,education
change,R_3mjUAKmYCuLfDTd,challenges
change,R_6yady4f2N7sZjNL,engage
change,R_3dfPeXAnzKNj3fu,progress
change,R_1LYIL4llDFi6QTD,timeline
change,R_3ruHmZtlbgVf21l,timeline
change,R_7PjgU9dBq5Q4SLX,strategic
change,R_5NIGQjQU4NPYUG4,engage
change,R_7iPuq8gDRwocYvv,benefits
change,R_7pkXQkdVLcp5zTx,timeline
change,R_30uTbuxN9G7zUUh,invest
change,R_68UjWMok4BLCS99,progress
change,R_62i8IxEQkQaSHPr,honesty
change,R_53DacPz8xoj92IS,challenges
change,R_7NHEt158drGCD6N,invest
change,R_6t4YMGZkejuf1gT,hype
change,R_670WH1gXVJmU5JP,timeline
change,R_6nPMvIzfZSQiPtf,progress
change,R_5cAZOApixrG32ug,strategic
change,R_6M6C2xtWdmSo4wL,timeline
change,R_85HBTihvu6y31os,economics
change,R_5iWlxhmFYzVWd2j,timeline
change,R_5ymyvRlRAeOJJmh,education
change,R_5dSaBuxENziPzYl,benefits
change,R_1CxKATBMi04hNZr,fission
change,R_3foJPq1vDlLH39V,fission
change,R_3EthAhqy0xmpRu1,progress
change,R_13CqBQJBFkOkTBx,economics
change,R_1kSyfhZzdFl8mWI,fission
change,R_3wno64z9v4EQtWV,honesty
change,R_5M5Vpn86LiBhAFL,progress
change,R_3cq0fgbGRMt41C7,timeline
change,R_7qbZLWjnbSQvQoF,benefits
change,R_7X6Qc7etD8e616F,honesty
change,R_7KqAig1OPk9HlUS,benefits
change,R_6c1CcbBNxBw9v0Z,hype
change,R_5NEqWcs1RWcJ5Xa,benefits
change,R_1U7h7x2XPAc8vjX,benefits
change,R_1geDtOmb1RpD3RT,approaches
change,R_7xJBoS7xZZTXPcm,timeline
