item,theme,label,theme_order
oppose,safety,Safety and accident risk,1
oppose,siting,Not near where people live,2
oppose,noinfo,Not enough information to judge,3
oppose,unproven,Too new or unproven,4
oppose,env,Environmental harm and waste,5
oppose,nuclear,Association with nuclear power,6
oppose,health,Health effects,7
oppose,distrust,"Distrust of government, industry or science",8
oppose,preferother,Prefer other energy sources,9
oppose,local,Local impact on my area,10
oppose,cost,Cost to taxpayers and bill payers,11
oppose,nature,Should not meddle with nature,12
oppose,security,Security and weapons risk,13
oppose,optout,Does not actually oppose,14
oppose,none,No reason given,15
