item,case_id,year,theme
oppose,R_70PdLgw4vvu6vzc,2025,env
oppose,R_5oXgzzLOBoYbEpX,2025,unproven
oppose,R_3SKuC1KmWhsgQWl,2025,noinfo
oppose,R_3HSUzPxAUdrqfQj,2025,noinfo
oppose,R_50pmuYesyY2Iufb,2025,local
oppose,R_5t5b8pz6NMgzcOt,2025,safety
oppose,R_6dh5PQp2XF0dN1v,2025,nuclear
oppose,R_1SctFhVymcufcZQ,2025,env
oppose,R_5xfOlb2003REQJH,2025,safety
oppose,R_3Op0opPom940xG0,2025,siting
oppose,R_5K6yLZ3q1PqxuWH,2025,safety
oppose,R_7N9r9erXnsx78ff,2025,env
oppose,R_7zI6z6KTDrWQhzd,2025,noinfo
oppose,R_1C3W6Bd599ErEWq,2025,siting
oppose,R_1TGe0X3iVc8Isf3,2025,safety
oppose,R_6UciWAPDWfyrCvW,2025,unproven
oppose,R_5RqpJKkoZvoPO12,2025,noinfo
oppose,R_338ja8fBT7iCKhy,2025,noinfo
oppose,R_7f6ZRO7TYaKUQAK,2025,env
oppose,R_1mJO6OwmrQtzIop,2025,siting
oppose,R_18UOMHs146IJu5v,2025,safety
oppose,R_6OTNImkIewTda2Z,2025,none
oppose,R_6lAKU2Tx110l9zC,2025,local
oppose,R_1QQVAa6BSirjm4N,2025,safety
oppose,R_3b4bETtQ41YNGwh,2025,noinfo
oppose,R_3F3z0Ky6vqIeWIy,2025,siting
oppose,R_6CvojkX1Zot62Rz,2025,safety
oppose,R_1OO7bG9JpL5xoyx,2025,none
oppose,R_3WO23ceZAjqTJPp,2025,noinfo
oppose,R_1prjVr77Kiay5Bw,2025,nuclear
oppose,R_1oncGffPwCxGEx9,2025,safety
oppose,R_3WvbkRj4yup4Jvk,2025,health
oppose,R_3bImuGrEwhRfRRL,2025,safety
oppose,R_7PAhUFLAk3NSzvG,2025,safety
oppose,R_14DcjO2cAN29Jqs,2025,health
oppose,R_5q80jqEkWehQP4a,2025,health
oppose,R_6njtXsKlN9zMkpT,2025,env
oppose,R_6VkGrtUssbg7Ykg,2025,siting
oppose,R_5RaqHKwUwIELnch,2025,siting
oppose,R_32aRoK9okHhGfAC,2025,safety
oppose,R_6n6mobc9LBqx06V,2025,nuclear
oppose,R_5SbYfJQdg2Zjyvf,2025,unproven
oppose,R_73TNHjRVPdFl1Tf,2025,health
oppose,R_3YEYUNffKuvLFSy,2025,health
oppose,R_7cdyFrXBuFcSWxE,2025,noinfo
oppose,R_3DtC2zuCC0C0pEP,2025,siting
oppose,R_76kV4TQE4gIM304,2025,unproven
oppose,R_7pNHkkfuVJxWyhb,2025,env
oppose,R_1gTWJdZIIMfYg0h,2025,siting
oppose,R_6CNuFperEoNwGD9,2025,safety
oppose,R_3UNljpMDus5AIKd,2025,none
oppose,R_7aqOfU1l8HdeeZc,2025,preferother
oppose,R_6E0OmXMBC5SMN02,2025,distrust
oppose,R_70M6bVuGZSGbBwb,2025,unproven
oppose,R_5lbjTipkPvx66Ma,2025,siting
oppose,R_51tAL2HGEmzzY5j,2025,distrust
oppose,R_333rqqCuQlMuMZ8,2025,siting
oppose,R_5TvrTA4wibGPPYl,2025,env
oppose,R_1791Kcd0foL3ao1,2025,nuclear
oppose,R_3w6MVKJrQT2rUrf,2025,noinfo
oppose,R_62gxTyB073n7Y09,2025,env
oppose,R_1hoQJVSpfM2y8DQ,2025,noinfo
oppose,R_6TE9VgjLJAVwm9X,2025,health
oppose,R_1JUYWAcUYKbw6QQ,2025,env
oppose,R_5f60DkOZKRtEHZL,2025,safety
oppose,R_3YiI0UrpYZXcxR7,2025,siting
oppose,R_1kzvBjQY2ewc1ro,2025,nuclear
oppose,R_5v6neU4rYvsJEwV,2025,preferother
oppose,R_1atdLeMUKppwEZ3,2025,safety
oppose,R_50CRUgynrFJWNM6,2025,none
oppose,R_31yEsVCmSrB3Oil,2025,siting
oppose,R_5QnhtB1q8q5Ijkh,2025,health
oppose,R_3myIttBwjDqzejT,2025,safety
oppose,R_6CJ6k6oFqArnne0,2025,none
oppose,R_11HowYe0gcjna1s,2025,noinfo
oppose,R_7W4p6VXnSoO24yR,2025,unproven
oppose,R_5aFxXKKdDmdfBto,2025,nuclear
oppose,R_3oB0vTyqdptNe3T,2025,safety
oppose,R_7lN5SJfuocOv2Vj,2025,unproven
oppose,R_6gNdpwqav6qgMff,2025,none
oppose,R_6w1zdQgJ4u9wqk1,2025,unproven
oppose,R_3DDbnrGkrZeJ1pi,2025,noinfo
oppose,R_3GxZZexY1lHfhHb,2025,siting
oppose,R_5oO5XbLYsbHXXXu,2025,unproven
oppose,R_3JVEVCZji3RdJMy,2025,health
oppose,R_3R8jf0V6lMPxKFx,2025,none
oppose,R_5dzsUsGsHcLUG86,2025,nuclear
oppose,R_5WuYAUtcice1G4p,2025,noinfo
oppose,R_5hFaJbqrttnsxup,2025,none
oppose,R_1qWrNlv39hwZ01V,2025,local
oppose,R_57VXRWfFn7tcpvu,2025,unproven
oppose,R_5v4ZWk7ZQEXvzwd,2025,siting
oppose,R_3M55tmaF0HZ2F0d,2025,distrust
oppose,R_1gMaDUmVpbn7Ph8,2025,unproven
oppose,R_1DpCutqEoenuvtL,2025,none
oppose,R_1sc3zWZJ6rt107S,2025,env
oppose,R_3PClZzZEtFql3Pc,2025,noinfo
oppose,R_3I4p1299y0aS9T3,2025,env
oppose,R_7EXTYdO51j9z6vN,2025,siting
oppose,R_3tSUGLJWueHMxl7,2025,unproven
oppose,R_3lrHOcHosdXaL9q,2025,safety
oppose,R_6CCAre1W0PGQki4,2025,safety
oppose,R_5LHvsoirZFVOvEW,2025,health
oppose,R_3nlaczS07Y4xEPN,2025,unproven
oppose,R_1tM5OaFADMabceU,2025,noinfo
oppose,R_5k0NaPO4WP3JjU8,2025,siting
oppose,R_16hd7b7saKq0Sra,2025,nature
oppose,R_5MMstBo61hXW8uT,2025,siting
oppose,R_5a2ae7x8RlAUvoB,2025,noinfo
oppose,R_1dKkXE4rxq4eo8j,2025,none
oppose,R_5NqdPHLXx2IMAeF,2025,siting
oppose,R_1gRXGmGdbjFAmGO,2025,env
oppose,R_3shB1A3UBNgmFDb,2025,siting
oppose,R_7NxEPqefQYELzFx,2025,health
oppose,R_5l7vR7NuNcGrJhT,2025,nuclear
oppose,R_6JhuWMXjjTTqU2R,2025,siting
oppose,R_3FDsg3G50o3mrzw,2025,none
oppose,R_6joEwdYsUe36pmm,2025,siting
oppose,R_5KJhBEkspLoZzNE,2025,local
oppose,R_5QsmbjXVZH5MsHc,2025,safety
oppose,R_3qTZPebkv0IXflB,2025,distrust
oppose,R_5e5j5XUFSqoHCd5,2025,nuclear
oppose,R_1Qou3GICGfcYQl3,2025,safety
oppose,R_7cc3iYvISjBRsov,2025,safety
oppose,R_72XDeLiuiJVjQOW,2025,safety
oppose,R_52glU0HWvAy5nzG,2025,siting
oppose,R_6gUZ0lc2CIgdCSS,2025,env
oppose,R_7tplw2yT8ZzHQoV,2025,noinfo
oppose,R_5XgPRW0CawiMNg8,2025,safety
oppose,R_3zpcrQUFTP6m0Bb,2025,nuclear
oppose,R_7b361LdUvx5lR8z,2025,nuclear
oppose,R_3lbd5J8T0W7kTzH,2025,cost
oppose,R_1LApgLaAmq7wISt,2025,local
oppose,R_6QEgZShIABKpdaM,2025,local
oppose,R_7P19VZ8QLEuZEl3,2025,siting
oppose,R_1IQAlb2NHxBQEww,2025,nuclear
oppose,R_1aCARqeOXG1PsrJ,2025,safety
oppose,R_59b4hJtC1tyYiNF,2025,preferother
oppose,R_726Oiioh6GnHaY9,2025,unproven
oppose,R_5s0ftraX1WgVoty,2025,siting
oppose,R_5qJo9J5P1Pt2v2E,2025,env
oppose,R_69gZXJt37nfEd9v,2025,siting
oppose,R_6CkB0bG3AwNxSrs,2025,siting
oppose,R_71MpdhjsQ9rzzPb,2025,siting
oppose,R_7oN2PWkp178lGID,2025,noinfo
oppose,R_7SLGD8YOnYrcIq5,2025,siting
oppose,R_5Ma0JDU1Xfj1NZd,2025,health
oppose,R_3izPOQj6Iu4efdv,2025,cost
oppose,R_1OPEfQnkGhKswvf,2025,unproven
oppose,R_3fGwy9r8ocpgLCh,2025,nuclear
oppose,R_7xVJT6OmSCCM4bU,2025,siting
oppose,R_7dKD8b7fInlfmyY,2025,preferother
oppose,R_11hHGAKJyF8dyUn,2025,noinfo
oppose,R_163MRnEDYcfudyx,2025,health
oppose,R_5YJmHnwSVHNJIlr,2025,env
oppose,R_30nMk2c4XQwK9Nz,2025,health
oppose,R_31PoXcdvYpvo7ER,2025,health
oppose,R_5xKQvgtSvygsw86,2025,siting
oppose,R_5vS94tX61fOJ8hX,2025,unproven
oppose,R_18AhOMWiIcz52pS,2025,safety
oppose,R_6zz9eJbkb60FD57,2025,siting
oppose,R_7IlFyTBEGTU0HEl,2025,health
oppose,R_3KDgOAWNGGwsA4X,2025,unproven
oppose,R_7hKLs2ruDOrp7RT,2025,env
oppose,R_3oXES6gIQk4jGsQ,2025,noinfo
oppose,R_5ahPyPkjNLWqs6M,2025,unproven
oppose,R_3GB4WIkYq2ersHm,2025,distrust
oppose,R_5Pt6iDqblJNsQa6,2025,safety
oppose,R_71VH4SFwJH50Ljb,2025,unproven
oppose,R_7ELSx7RAFwyCoyx,2025,siting
oppose,R_34nMNdtA8YrHDEk,2025,siting
oppose,R_1COeFfQAJhOr8lC,2025,siting
oppose,R_74A9BNV5cXvUpV0,2025,safety
oppose,R_6qW18l0RMxOJR2i,2025,distrust
oppose,R_5EUDVVwiqNVDiaB,2025,siting
oppose,R_3pGeGondZaZY849,2025,noinfo
oppose,R_12QxWXneAT8OTF3,2025,env
oppose,R_7CkseBXmwSXr8lb,2025,unproven
oppose,R_5K38QbQYCRuOt5b,2025,unproven
oppose,R_7q7jUu1x7ReHrK4,2025,health
oppose,R_5zv7RahxMDhJII3,2025,siting
oppose,R_50ORBSMBQHHny4Y,2025,health
oppose,R_5096moSLqXiV56r,2025,unproven
oppose,R_7MbpiWlAuaFy5UJ,2025,siting
oppose,R_1Sr8UEQD7xWoB4n,2025,siting
oppose,R_3ydcODOOUFErGXo,2025,unproven
oppose,R_7c8IOVQm2vGfqxi,2025,safety
oppose,R_3CNkw9TxEp0Ebo3,2025,unproven
oppose,R_5ERvYl9xW9r2njr,2025,safety
oppose,R_6jYUagBPihi4XNP,2025,env
oppose,R_3jy8DqpbbU9iSQc,2025,none
oppose,R_3EYhpoayFzsFwmJ,2025,siting
oppose,R_1ixUu6kpH3GzNAq,2025,none
oppose,R_3Vw3JHjN9zthByP,2025,unproven
oppose,R_6fdxY9tJV7E2CLM,2025,env
oppose,R_7PTrH5krulDkBMC,2025,safety
oppose,R_1Fzxkya9vLQ1IJi,2025,nuclear
oppose,R_3ou4G42rTL5QEx5,2025,safety
oppose,R_3EbUh9oLwxHpZvL,2025,siting
oppose,R_6NmhluozTa4rbw5,2025,siting
oppose,R_3B8wjS83eDkK1JA,2025,unproven
oppose,R_3MG8T6B3z6XhlXH,2025,safety
oppose,R_37U799SWbQHCq9r,2025,safety
oppose,R_5WIjBMT4e96zd0h,2025,safety
oppose,R_5e3urZCPgPPdaDx,2025,unproven
oppose,R_5skwtL75kLA5JK1,2025,nuclear
oppose,R_73Efsbe9JiFVVU8,2025,safety
oppose,R_7lmGdGxTyz67CG6,2025,unproven
oppose,R_7e6usue5VLcMBsl,2025,siting
oppose,R_7AG2PF3O9aeojWz,2025,health
oppose,R_3cfbqaB9YC0vm1P,2025,cost
oppose,R_63lmgliehSuhQuy,2025,siting
oppose,R_6aIV3ki24IYUKf3,2025,safety
oppose,R_6dNHiwTKEe2AQTL,2025,nuclear
oppose,R_6GByAsnUTbtpD5L,2025,siting
oppose,R_6zeScuI28qqMvZC,2025,distrust
oppose,R_7BMNIKpQae3QdNL,2025,siting
oppose,R_7QYynwcZLUkSpDT,2025,safety
oppose,R_3mCS3qCVMdyPQAu,2025,safety
oppose,R_74aULR9aB6TLlQJ,2025,noinfo
oppose,R_6l3YnERhP2T9IUF,2025,safety
oppose,R_7qP4Y7Fs96wkg5X,2025,safety
oppose,R_5jk8bjvz5NQ7Uux,2025,safety
oppose,R_7OJA9NlCYDbpPgo,2025,siting
oppose,R_7tKbCqfaccxvjFI,2025,unproven
oppose,R_51jHigpV5AUk0Ws,2025,safety
oppose,R_5K5JXNr9d0I7TyN,2025,env
oppose,R_107WfGfrwuRx8oD,2025,none
oppose,R_7LIMjyYFyOppABx,2025,noinfo
oppose,R_6cUnPLcQdBT1Nu6,2025,health
oppose,R_7lYzxMywj9kC3Cm,2025,health
oppose,R_7JMVou0ETLR0UmJ,2025,siting
oppose,R_5LdJMcxHZZtMiPl,2025,local
oppose,R_5zsyqy0OfZbE1Nv,2025,nuclear
oppose,R_3PdTbc67w5EDO0u,2025,safety
oppose,R_3kjSajRUgGo0HQd,2025,security
oppose,R_32RbqUCQCfCG4T4,2025,siting
oppose,R_7w5oymR8DUUNVp1,2025,health
oppose,R_6gIbwkvDrhKktyU,2025,security
oppose,R_1hb3tAWXGWjcB5T,2025,noinfo
oppose,R_6hyATImCR44DI8y,2025,nuclear
oppose,R_1SnQpbxIoIWiIX7,2025,siting
oppose,R_7ALwRm4qH5ttyFj,2025,nature
oppose,R_5IJX6sKiE1kXauF,2025,noinfo
oppose,R_5g6oZAa4KzCpM4x,2025,unproven
oppose,R_3eYLmijNTcw5oDD,2025,noinfo
oppose,R_5xnL2vijsRFxdsJ,2025,nuclear
oppose,R_5tCYNUjz6hG2HVk,2025,env
oppose,R_7iwF5vzmHXap47c,2025,local
oppose,R_5Vj4N7HwfuU2waR,2025,unproven
oppose,R_11L54GgvXHK8KKd,2025,noinfo
oppose,R_6EcWT1sSt4Yabi4,2025,safety
oppose,R_7jcysmvIDJmFrfr,2025,safety
oppose,R_7QgS5sE5Q4DBy37,2025,noinfo
oppose,R_3FciBTDzyalnZCh,2025,nature
oppose,R_338WMXx15JY7kfh,2025,safety
oppose,R_3sYDqGv6NzvDxdU,2025,noinfo
oppose,R_7kYVqBAhIau0nlx,2025,distrust
oppose,R_1UAigPlxeriAZJn,2025,safety
oppose,R_5I4qoBgB5chAv67,2025,none
oppose,R_5l0P6AROgrwfLwV,2025,safety
oppose,R_7COroUNll6FYwGd,2025,nuclear
oppose,R_30HQdjCxDv2zkZt,2025,noinfo
oppose,R_1jlmHQkJJqJXXsJ,2025,safety
oppose,R_3OqqSurZufDXczV,2025,noinfo
oppose,R_5QVKl8funC5NmP8,2025,health
oppose,R_5AGvRkmRC7DvPqs,2025,unproven
oppose,R_6LtjRgkPB89NkAS,2025,safety
oppose,R_6c12Cr89FlGsGVr,2025,safety
oppose,R_6o7pDgy5ZDeOaiN,2025,safety
oppose,R_5r2IWIu7mKxReoR,2025,noinfo
oppose,R_3MVOUCYSf0y1hyV,2025,cost
oppose,R_7kkraAht6VMESxr,2025,cost
oppose,R_7EZSpYKcahHNEyJ,2025,safety
oppose,R_73w3AuIWOnQj8GU,2025,siting
oppose,R_50Z8hoUzupeuwvI,2025,env
oppose,R_339WiSlaUtn8OrZ,2025,nuclear
oppose,R_7HwXxt1hBECDaHn,2025,safety
oppose,R_1i4itzmDtikPMad,2025,siting
oppose,R_7AWCt8Rb8vSGiDD,2025,noinfo
oppose,R_7BY9lxmo7EOEXkJ,2025,distrust
oppose,R_34e3OYwFoIkx5dv,2025,safety
oppose,R_5cZ6aUKs0zIkjHr,2025,env
oppose,R_6pm8TG5dAUOV1X1,2025,optout
oppose,R_1isPQzASH8ESP0C,2025,local
oppose,R_35NWVrI8AjG0Xi9,2025,none
oppose,R_7lJb3iH2z8qmZRn,2025,siting
oppose,R_6Jz6ctEVweVd4vn,2025,safety
oppose,R_1ezzcn8OrYDzMjA,2025,env
oppose,R_6xWP84Oz6AtD31V,2025,safety
oppose,R_7kczKuEEQAmXzQ3,2025,safety
oppose,R_3z6DYGPcPo8nOQ5,2025,none
oppose,R_70Gm53GxUB9USjd,2025,noinfo
oppose,R_1OsNmj1V2uyrLX3,2025,env
oppose,R_6xFpa3UCHCz1wJ3,2025,unproven
oppose,R_7GD1bQgRuiQLxl5,2025,noinfo
oppose,R_7qKjXixWTApWm2O,2025,safety
oppose,R_31b0EMGgip9X3Ch,2026,safety
oppose,R_3QbeJO2FxIg2267,2026,local
oppose,R_3dRk4tmefIbwHZL,2026,safety
oppose,R_5eWfh7NQ0Myx2XD,2026,noinfo
oppose,R_7CUUfe75vC6xdBJ,2026,safety
oppose,R_3jIfJY0KUaiJtf3,2026,unproven
oppose,R_1rBH0Q1SQl4vBck,2026,noinfo
oppose,R_7KxfbKFuADf6UHm,2026,noinfo
oppose,R_5M9bGpGXqIWFV2g,2026,siting
oppose,R_3QxE4y2Th8tvCx1,2026,noinfo
oppose,R_5xLaYxRd9OVJpld,2026,nature
oppose,R_3Cg5ivga9SbU4AF,2026,noinfo
oppose,R_3wExVrGQfUTWT2J,2026,unproven
oppose,R_6Y942ZPmtOQTnHY,2026,siting
oppose,R_54dAMp3bZc44GCJ,2026,safety
oppose,R_6pXuLVY7ishKoLA,2026,safety
oppose,R_5sic3LHPxSbWs6p,2026,safety
oppose,R_3Hbj8nkR6p5XFai,2026,cost
oppose,R_5VxyB2jMhXPL6sz,2026,siting
oppose,R_6rj48DXBcWxtjcn,2026,env
oppose,R_5kSUoaeC45VzvC2,2026,nuclear
oppose,R_3s2FLJump3XMehH,2026,nuclear
oppose,R_62VsFsIkJeCOFDk,2026,nature
oppose,R_6qyvFGjCr34a8c1,2026,distrust
oppose,R_3yg5m0fqD7vQUe6,2026,noinfo
oppose,R_7WZpEUUdtJLdKMU,2026,preferother
oppose,R_5YaWQROZe1tpNdI,2026,safety
oppose,R_3q67MOH7wKrUjPX,2026,siting
oppose,R_108jGt8K33xptoq,2026,safety
oppose,R_5mUrz2MmKDjIHqF,2026,env
oppose,R_3FXv8r4UbkcJ8Oh,2026,env
oppose,R_6qleJFVgOpjS8pO,2026,env
oppose,R_7FhFTu1GsIVJwyJ,2026,env
oppose,R_5fjUAQ5fSAGxTfK,2026,unproven
oppose,R_7rVzPRBWJFzT6LC,2026,unproven
oppose,R_37Hg3dFdazNwflS,2026,env
oppose,R_5c6EIa7F9WJ4YtX,2026,noinfo
oppose,R_3z4YlUyBXiUGyAx,2026,noinfo
oppose,R_5GbT4swenjPk3eN,2026,preferother
oppose,R_6GuIzBlKEJhuMQC,2026,local
oppose,R_6p8YAV8P0FA9foJ,2026,security
oppose,R_5Mz8isUzjIoLDd7,2026,none
oppose,R_6nOZUdNPxjEjjIk,2026,preferother
oppose,R_3HqnDAVNAXez5tB,2026,safety
oppose,R_6negsX4pLPpKrcl,2026,cost
oppose,R_5S6x2AyhCrTthOY,2026,nuclear
oppose,R_3VjLhrvZ5bxMztf,2026,noinfo
oppose,R_7ml6Ld7r0FCInsd,2026,health
oppose,R_1EIsjxyN4E0k9TX,2026,env
oppose,R_1IiqP9xsAOey9S4,2026,distrust
oppose,R_7DpyrMlKftueAFO,2026,local
oppose,R_3dAXSEQOGo0qmrO,2026,local
oppose,R_7fN4HPKHmYnccC1,2026,noinfo
oppose,R_57Neuk5dVy18HgO,2026,cost
oppose,R_5LyK8TRZQKDW3h7,2026,nuclear
oppose,R_6ZGIDe0SOhRSsO5,2026,distrust
oppose,R_5eylaQuvEBrERtL,2026,siting
oppose,R_3etoQagKeZ9mzdv,2026,safety
oppose,R_3y7mZkgupWXqIaz,2026,siting
oppose,R_7mxFFTXY0YHidW5,2026,cost
oppose,R_7H6pI6LoRaPYEd9,2026,safety
oppose,R_6YbT0gi0XMcc3L3,2026,unproven
oppose,R_6e9urcXtVWjIFiG,2026,preferother
oppose,R_5Gnm3cFbRwIuEGR,2026,safety
oppose,R_3aQejjdxS7DxXKI,2026,siting
oppose,R_1gXOy2MRgXJWywF,2026,safety
oppose,R_3LUnsErTuDRYesj,2026,distrust
oppose,R_1Nzc0jRxBJ19pGq,2026,nuclear
oppose,R_3vYYyshvw8ntq4F,2026,nuclear
oppose,R_36d8zV3R0WlQANP,2026,noinfo
oppose,R_5jt13TqEb8TSDPr,2026,siting
oppose,R_11HP5fMAKVKuFL3,2026,safety
oppose,R_1EH17No8UdqU4x2,2026,siting
oppose,R_7SerGJJtWgQYJeP,2026,env
oppose,R_52fCVd4afVWwkdD,2026,safety
oppose,R_1H9TIghZvTOCioF,2026,preferother
oppose,R_73rRsiHwk3QwQoz,2026,env
oppose,R_5et7oZJilW9xHup,2026,siting
oppose,R_7NqVjJ9W5zZUUnL,2026,env
oppose,R_1Bqaa1oj7f3cbWF,2026,siting
oppose,R_1jv7hx3KJGsSCKh,2026,siting
oppose,R_7dhtf1899hCgIrX,2026,safety
oppose,R_7qlgYKBYGAFNMzL,2026,preferother
oppose,R_6NqpjfD2BCJTWFc,2026,noinfo
oppose,R_1sYnclJtWjVCZR2,2026,distrust
oppose,R_7ImCVd1yhegB4Pr,2026,safety
oppose,R_61ZKbC10L5zbR2O,2026,env
oppose,R_1wi2VddsekKiDPY,2026,nature
oppose,R_69tO9Eto7LZJeHI,2026,preferother
oppose,R_3PeT1Ihgq8NQX73,2026,distrust
oppose,R_57JSkg9xX26fbru,2026,cost
oppose,R_5R2MnYE5jL1luV8,2026,distrust
oppose,R_6rIKbstkUOe9sdw,2026,nuclear
oppose,R_54dAoyTP841ZPP2,2026,safety
oppose,R_1VdvwVbncWyeiZg,2026,safety
oppose,R_1rG6xQZeZ34vqxK,2026,safety
oppose,R_7DvW0CHUmOYaqom,2026,preferother
oppose,R_333AK3F32C5FaVr,2026,cost
oppose,R_7RPxbufrMhck0gq,2026,safety
oppose,R_30ofvUF0j5EZiyt,2026,preferother
oppose,R_6AxhDANlWyvHEzv,2026,local
oppose,R_1eQGpf0KnoLPuBb,2026,preferother
oppose,R_6PRdv11iJsMBpJ3,2026,env
oppose,R_689MixTtz6e1OXD,2026,unproven
oppose,R_3YMtb6PJaOF415D,2026,safety
oppose,R_6aS0uMLSsJT2sdY,2026,nuclear
support,R_7sYJnyOxFx5r8CB,2025,cheaper
support,R_3EhSxX8dpcVwlZR,2025,cheaper
support,R_1BmlJY9PfsnoNnv,2025,none
support,R_6mPDuuMQJhrLUhb,2025,cheaper
support,R_7ozl6LktqdusF4a,2025,progress
support,R_6qxXTIHYI2P4fey,2025,none
support,R_1uTIOvACYllzFAa,2025,fossil
support,R_5LpxV46MHtsLZS1,2025,fossil
support,R_51szj8YWb4I45VY,2025,need
support,R_1dv7oATPVxCzFxW,2025,jobs
support,R_6K4X06ZUzx65aHD,2025,clean
support,R_7zJ5QCqG5RmJwUk,2025,clean
support,R_1k6qZLwpTFO2z3c,2025,clean
support,R_3CjlxGvDTTXG5e8,2025,none
support,R_7DvaxYZSymTj5IZ,2025,need
support,R_3zSUq3nQaSA1OZb,2025,host
support,R_6MbOXsVCVldurKE,2025,reliable
support,R_6BWWJK7LO079Uku,2025,cheaper
support,R_6cjWaTwHSfWwfjC,2025,cheaper
support,R_1f0BPwBojnHdfSP,2025,progress
support,R_6Htfk5GvaU3kFej,2025,none
support,R_5D4Wxf1mq9Zr3tD,2025,fossil
support,R_7rqOdkTWcUGTsX9,2025,nuclearcmp
support,R_7oVA9teuAXzFMGt,2025,clean
support,R_7RIeyfCAaQMbPFL,2025,safe
support,R_6HvlAHZjxXgpRO9,2025,nuclearcmp
support,R_7feoo40fEh7tQej,2025,nuclearcmp
support,R_1NMzx1Do3hxUwSd,2025,cheaper
support,R_3nq5BWd4M2h5PcS,2025,clean
support,R_5S0vjqRZZ4wU7ZL,2025,clean
support,R_7IXQMkHPdYsYViN,2025,cheaper
support,R_6I5bBH1ohbhgU80,2025,jobs
support,R_1R2Gcq2OKrSiNfX,2025,climate
support,R_3IuPclfuc9WV0U0,2025,clean
support,R_3kth9kM8jldcG4V,2025,clean
support,R_1tFK4wva6wtIAmO,2025,none
support,R_3EyeR8EEAf6HkOv,2025,cheaper
support,R_3n6H0SiUrta9LLd,2025,clean
support,R_5oZSBZt66Kk35Ew,2025,need
support,R_5jAGFjUuwhMyPKB,2025,nuclearcmp
support,R_7aM5hbPBNiHJGpj,2025,clean
support,R_5wTs23N1ly1DK7P,2025,clean
support,R_5Fn2YdMeil7WTOq,2025,none
support,R_5JjRoalqT8RPZpn,2025,climate
support,R_7KaAfwtRBm95yaR,2025,need
support,R_1FXrt3mrG6hEANt,2025,host
support,R_7JqO51uE9oT0O0p,2025,cheaper
support,R_1tF0dP3oRHGfxVT,2025,none
support,R_1k1Bt0VZjikhFmR,2025,clean
support,R_57le2KXb4i5nj03,2025,cheaper
support,R_5RdXaAU7mJIbQBl,2025,clean
support,R_7KrNrygU5aLYIRl,2025,none
support,R_7xFe14xHsJ8go1j,2025,limitless
support,R_7qz0ySxcrA94xYV,2025,clean
support,R_3OBGGpJb2QUjJJB,2025,limitless
support,R_71AWcFFc6mavIPv,2025,none
support,R_320Wi9ZVmBhZvHz,2025,safe
support,R_3x0ETl56DMx5DKF,2025,cheaper
support,R_6C1NQ0YVLiKUpul,2025,reliable
support,R_3QJEOYoJq4CeeOx,2025,safe
support,R_5lFdwhSuYkB7Sg0,2025,clean
support,R_3T64yDjfRK0GmDn,2025,safe
support,R_5KxWHN4JV6Rm5mv,2025,nuclearcmp
support,R_7aL8k03KDDW3WcV,2025,need
support,R_5Hp1y1Va9g11UId,2025,safe
support,R_6g8t5jsIOUFmYSK,2025,nuclearcmp
support,R_1mKPnILeaO46Ui6,2025,progress
support,R_3mDG25DiCY1qMk5,2025,jobs
support,R_6EQzV2wpuIiGQTv,2025,progress
support,R_7gNJj5qJXS9cWbL,2025,fossil
support,R_1oAUhuORlESCwe0,2025,climate
support,R_3SAGw4xgVl20vQW,2025,national
support,R_7YzwYmn0rQo7nko,2025,progress
support,R_5TRhfvrX0n3AFcJ,2025,fossil
support,R_32QePUmOgqzMFGW,2025,need
support,R_79uf285aPR2mOmE,2025,cheaper
support,R_3hMX6FGrGMToXj2,2025,none
support,R_51LfG69icj5rkDQ,2025,progress
support,R_3zoKEWugadId1yq,2025,clean
support,R_5D0yLoeFL4haAkT,2025,clean
support,R_7DQ3gAlaVW4u30R,2025,clean
support,R_52JiuRtjdHabEsE,2025,cheaper
support,R_5H0FaYVHZGDDpa9,2025,clean
support,R_365r2C5bwF0o5HO,2025,fossil
support,R_5CHYqCoymI8lBSH,2025,jobs
support,R_77qr4h1BW1tUNZn,2025,none
support,R_7jZPCwUq3vTMoCK,2025,clean
support,R_6Ramro9aN2YtL7r,2025,clean
support,R_5p7iLHdjFYhoRSp,2025,cheaper
support,R_741aowjYA51IXrl,2025,host
support,R_5FD3kAF37MjeiS5,2025,cheaper
support,R_7mLv6ICjOkE8JBD,2025,none
support,R_7ln7Xv1PuuRmfNR,2025,none
support,R_5qafUtTZQyAWtwX,2025,cheaper
support,R_1o7aMujcZN6dGEx,2025,none
support,R_6241Sn9VqPDwbOV,2025,nuclearcmp
support,R_1rvr0xrDZ1Lfw03,2025,clean
support,R_3QJBaN2kVOtJU00,2025,progress
support,R_5rGT1DXsqGTcr2F,2025,nuclearcmp
support,R_6mh0ipEsKZpYT7O,2025,nuclearcmp
support,R_1U37tOfk68K56OB,2025,cheaper
support,R_6w6QddiXVWr9VjA,2025,climate
support,R_3LpOg249NEbWaw9,2025,none
support,R_5K6AtdPPD1FjYSI,2025,progress
support,R_7EhfYWnF22q8Kyr,2025,none
support,R_11af7DxZ8zBUQgh,2025,need
support,R_3q8XDPltzlZI47r,2025,need
support,R_1UXgudZIUye3Nik,2025,none
support,R_5NDNiQu9eWoR2ga,2025,climate
support,R_3cxuUVjkhHMYBcl,2025,none
support,R_73kBfZGgkSBq9Xy,2025,jobs
support,R_50kiacUExsKh9IO,2025,none
support,R_5d3MbcPN6W8O3B1,2025,none
support,R_6dm3aG4jCSeFcRw,2025,none
support,R_7QLkCPA4NruopAb,2025,host
support,R_6XgKQHXhzwyYXic,2025,cheaper
support,R_7n2ywPoWQsd1jbH,2025,clean
support,R_1uDnxGZID0OM3Lv,2025,clean
support,R_3fsQlr6xfuN21Fv,2025,jobs
support,R_1TXNOKeUaX5BIU9,2025,clean
support,R_6Q9NGk2uT5aofh7,2025,none
support,R_7CEIukEUURC6Flf,2025,progress
support,R_66unx52ttxYYAqR,2025,progress
support,R_7P53JnrhW0oRWvU,2025,nuclearcmp
support,R_1gTPln412ECDg6y,2025,clean
support,R_1vbP7Ci74S3iIiC,2025,clean
support,R_1NNYhWp90Hx1QsR,2025,clean
support,R_1zTv59MSaXqCUTa,2025,limitless
support,R_3PWrZzoj3uPQjC1,2025,climate
support,R_4CpkthHARvaXxn2,2025,clean
support,R_5zgnTaeCcglJvBT,2025,progress
support,R_68B7TbLGLRdhLuF,2025,nuclearcmp
support,R_5AXGU6DIV8aVgC5,2025,national
support,R_5drZCHCTAu0Ec1g,2025,clean
support,R_7qmYx97RiwdQd0J,2025,clean
support,R_538DSSX560NAJqm,2025,clean
support,R_31dqM6R5YQgJmsk,2025,reliable
support,R_1dLkIaVBb0HwXAM,2025,cheaper
support,R_6CWbPD7nKek83vf,2025,jobs
support,R_3qxah3rHcwjCto0,2025,progress
support,R_5ylidGEHbgjFFw5,2025,fossil
support,R_17g2iyAIhkPlNTb,2025,cheaper
support,R_1pqMDoKfm8okqKB,2025,clean
support,R_6uGuUMtp0NZhG9j,2025,none
support,R_3D1uLzG27WULJIG,2025,reliable
support,R_6gMKjIlDFqLecSB,2025,cheaper
support,R_3v62pqH8QtiRB6S,2025,jobs
support,R_5yBiPaWIBI8r1pn,2025,nuclearcmp
support,R_7RP9B7fv6OdqSgp,2025,clean
support,R_3pigGGAvxuHzCme,2025,clean
support,R_3cEaIIiR0iXOEvf,2025,cheaper
support,R_7P9uzC1DtbfYqjv,2025,clean
support,R_1c2vymUwTKQ8MlE,2025,none
support,R_5dPXJfpRddXCFCq,2025,cheaper
support,R_1iaoywkl1aGqQNx,2025,clean
support,R_1HG3PTh5KwgY0rq,2025,none
support,R_5loPjDNjgD7HuCm,2025,climate
support,R_3zCTgUByqgwpzfw,2025,jobs
support,R_72G7H8aU7Wdshwu,2025,none
support,R_5rYnVQ8fkspnIc1,2025,host
support,R_3qfixoaz5bd5ls3,2025,cheaper
support,R_1xBvJUHSRQNeCeR,2025,clean
support,R_1V7vy50uFfx1YgF,2025,none
support,R_5GywfHDlZWEOFe2,2025,cheaper
support,R_5jeNyB4iYQtN4nw,2025,clean
support,R_3YqUe64bjEy9yW7,2025,clean
support,R_5CZddudoJ6fDtcU,2025,cheaper
support,R_1hYHol527EHRpCO,2025,none
support,R_3wGHAtsQmUbTmAY,2025,cheaper
support,R_6e9xzntJQ2G1L5r,2025,host
support,R_1o1H7TrZOmoY23G,2025,none
support,R_5OfwiSQWBJNPRQd,2025,none
support,R_5K9Cmu0QVAvIFjK,2025,limitless
support,R_7QXUa57EkXawVAh,2025,progress
support,R_1wTR1KkIC7sjhDj,2025,none
support,R_7TTAoPpmaZpOgvq,2025,clean
support,R_6eArfU0oWOLNKWB,2025,nuclearcmp
support,R_7i2LUT88TXRfk1U,2025,none
support,R_7CddoGYswbquS27,2025,limitless
support,R_1gLu5SFpuVxKgcA,2025,progress
support,R_1ifXzfYJJstarqi,2025,cheaper
support,R_3vfkF1MHX6oRkwF,2025,cheaper
support,R_7wKQLtairUBZgJQ,2025,progress
support,R_5c06fK38GHTd6Ct,2025,host
support,R_6fKaI45BeRdbbzJ,2025,clean
support,R_3BaO7gVmMsuBp6v,2025,cheaper
support,R_3PR0icxcLQoecp3,2025,nuclearcmp
support,R_1e2MQfBIckknieF,2025,none
support,R_5nqsTR955jJDT2G,2025,none
support,R_1QSeEKl4rhGpzAN,2025,clean
support,R_55nqolI4XUb5mNj,2025,clean
support,R_7VCljHGP7LrF4D6,2025,none
support,R_5t4Zv0eDeQolaPI,2025,national
support,R_7QPwZoH0ClXncv7,2025,cheaper
support,R_12ipckapKT1DB05,2025,progress
support,R_3fiBazCvDBqkU3v,2025,none
support,R_3VBxP3Y4V4gtMHk,2025,clean
support,R_1BqStMoWC7CVeh3,2025,progress
support,R_7xXCh9SEhVaWt6S,2025,nuclearcmp
support,R_1dmcZnvgQftQzRX,2025,cheaper
support,R_7K3vcdMcQYjxVkJ,2025,limitless
support,R_7LhSe6oGpWVeRvk,2025,none
support,R_3qrFeycbunmrKPX,2025,progress
support,R_5pxGxAALIv6k5cd,2026,reliable
support,R_5zTKhmEqBQEEp5y,2026,climate
support,R_5EYTElfSvOKMr04,2026,national
support,R_3TYlTtlwXNLAv9d,2026,cheaper
support,R_1cNuYs6Lyt6V3Dr,2026,none
support,R_3SDM0tsAvxrfb5D,2026,nuclearcmp
support,R_1hxrkRSxyJ4XBRu,2026,clean
support,R_1CCeSMgDrSrvY9Q,2026,clean
support,R_501rWnmG9grfiTl,2026,clean
support,R_50vbQw4vx59cS6E,2026,safe
support,R_5PFfK6zTMpa9CiE,2026,fossil
support,R_6rOzSxuICd5xXDl,2026,none
support,R_5oLca6PPAKlOCty,2026,none
support,R_5NyzDrH5fPKbykJ,2026,cheaper
support,R_1OI02kA3KjjMjmu,2026,need
support,R_1pRoS07GfkCkOQ1,2026,need
support,R_3O66INJubViPcbk,2026,nuclearcmp
support,R_3672A6RL0InUaUF,2026,clean
support,R_6Q6iBDuQl1ZvTIl,2026,clean
support,R_5S2FbtEk4g0FCg8,2026,need
support,R_3afBxAX3iI4pjKF,2026,cheaper
support,R_5s4j9VOhAeVzBeV,2026,none
support,R_12JF96K0MgeBRv0,2026,climate
support,R_6ditVt2yozXht5F,2026,reliable
support,R_6fwn9Gf5FY3ipdD,2026,clean
support,R_7MzMWsquNIhCo4L,2026,doubt
support,R_5ezs9dMJpgTou5h,2026,none
support,R_3emKNiBsYPgfgLr,2026,host
support,R_3G34GwAk4vDl6m5,2026,host
support,R_1rwzw6oyqM1tFBe,2026,fossil
support,R_57p4MXeSRtaUwv8,2026,none
support,R_13ezdco6CQJbrb3,2026,cheaper
support,R_54SmdOXHswaj0VX,2026,cheaper
support,R_6HdkWvhtyy5we5t,2026,cheaper
support,R_1ILS0UsBmnJRuTK,2026,host
support,R_1sRzcUj1TGuCHOp,2026,jobs
support,R_7BpBoOrLyJ50hDH,2026,progress
support,R_6pASCHWbHr92G9i,2026,none
support,R_6p3sDzP2jHA51NT,2026,none
support,R_3DcQboNgnIkuZNL,2026,clean
support,R_3RlUmoeJXtJm9QT,2026,clean
support,R_6v7l1b2QhhlHWLL,2026,cheaper
support,R_1Y3LvEyJ77MoQ61,2026,safe
support,R_6WeIA24QjSBtjod,2026,limitless
support,R_6LcZ2ICsVFnjVzX,2026,none
support,R_1EKzfTRcdn1hc9a,2026,nuclearcmp
support,R_7HhpTYpcdwZYpUA,2026,clean
support,R_58XNMZ8vsy10znR,2026,cheaper
support,R_7rZrI1PnGyzTgnK,2026,progress
support,R_70d76gfE8Q1SiP8,2026,jobs
support,R_6MErKwoQbf2TIQ1,2026,cheaper
support,R_3DtGfjObtQHPAp8,2026,host
support,R_30tQNDHeRzMqTb5,2026,clean
support,R_7yHBSB1yiQxiPWV,2026,reliable
support,R_5r6qZRATEXTbuwa,2026,none
support,R_1aQd2AszM379TWV,2026,fossil
support,R_6oFPzmeo6wwDAl7,2026,none
support,R_5HOedJouwVJwvkY,2026,cheaper
support,R_5nSHN2WaFUfFoxj,2026,jobs
support,R_5kLQeuo9tVvdwJ3,2026,safe
support,R_7V7kj8McbNANa3e,2026,progress
support,R_74BZT7obzH28ChZ,2026,nuclearcmp
support,R_7gUCsTbFRyaHhIF,2026,jobs
support,R_3JzlSTfl3pFoFhX,2026,progress
support,R_69mt4HWJoSSBBTn,2026,need
support,R_52zVH1BCml7o7Gl,2026,nuclearcmp
support,R_1Ev04bMobj4OAgh,2026,cheaper
support,R_10Pkhzp5heE2t0O,2026,doubt
support,R_6pdKUbRjTDOASOZ,2026,limitless
support,R_6yQLtmRPNFA97bP,2026,clean
support,R_1b1eG1VuiOZilQB,2026,national
support,R_1bHORK69ztQDN6S,2026,limitless
support,R_7LbF9QbNNvA2jJn,2026,host
support,R_3dauYroDiMFs8aJ,2026,cheaper
support,R_7hGBA6n1V1b1qO8,2026,cheaper
support,R_33WtbuF3fdzXjMq,2026,cheaper
support,R_1GQFmKlyR8AZ3Zg,2026,clean
support,R_58ZJiwhSxbsdFrH,2026,none
support,R_7EG9CZYKnOoDhME,2026,clean
support,R_7OT3YGzZtMcRPQk,2026,nuclearcmp
support,R_7AwBbUl8PyNjgqd,2026,nuclearcmp
support,R_6JOO5ROMFu9FnoH,2026,fossil
support,R_3qrKDgnzGOAv99f,2026,climate
support,R_5B3fjrMbhXg0gbv,2026,limitless
support,R_1K6wiTw2MGWinmh,2026,nuclearcmp
support,R_3WYIyHr7oZIjKSx,2026,fossil
support,R_5nN13gzWLtR2uHv,2026,host
support,R_6oBZ1QK8N7RZesJ,2026,limitless
support,R_5FzD2kMnj5yrYTu,2026,progress
support,R_6m4zjKD6ug2lgCu,2026,safe
support,R_3q7AC9nPgtWYr5v,2026,none
support,R_3qz0k0mRCQqsga1,2026,none
support,R_7trq6dXCGBhJ18l,2026,clean
support,R_3bYPlb0J40IQ3kd,2026,clean
support,R_5kqelcu3BDBdTz1,2026,nuclearcmp
support,R_1H2VIm7h7eIfsCB,2026,cheaper
support,R_3hxQVqHsfCvUiS5,2026,cheaper
support,R_69iHmeij2YuSBTK,2026,clean
support,R_3jctRTS0mdHqdy8,2026,host
support,R_5PzoFPfp5fMARgm,2026,clean
support,R_3WOl4r25cKbNMXc,2026,jobs
support,R_1VgBOpwpng5aQuZ,2026,doubt
support,R_66jOx58XRCHAirL,2026,clean
support,R_1SqmnFJbXEi6IvM,2026,none
support,R_1mXaAdlDlFs8yTc,2026,clean
support,R_1MRQj23K4iGvs6K,2026,cheaper
support,R_1qdqQ3dvWlIO8x5,2026,cheaper
support,R_1J1QIqiy1Ijx3mx,2026,host
support,R_39joVQ2t8Oxw6BP,2026,fossil
support,R_71iFvuRfUtfWZaN,2026,nuclearcmp
support,R_77vPDe8DAh4WZuM,2026,national
support,R_1wET0cjzmTqPxk6,2026,none
support,R_5nJC1TYCWWAmyiN,2026,national
support,R_7Nqwm4CH24q68GR,2026,clean
support,R_5Le9jLp1CrvOQik,2026,clean
support,R_6CfvcvhOjUkNEh2,2026,none
support,R_7DN5tW47b5LjWYi,2026,clean
support,R_331kXzlJFhyt1vP,2026,safe
support,R_5VJm2XoyeFJmROx,2026,clean
support,R_3gCGBMCLQFepFXH,2026,climate
support,R_54nLl88IhwxVXw4,2026,nuclearcmp
support,R_6jECFN12bqoGLpn,2026,limitless
support,R_31afkKuAQ5rd8Eq,2026,none
support,R_7rVf3UzaxA6ceNE,2026,cheaper
support,R_3PhjUjMkjAvCnOa,2026,clean
support,R_1c7ccbJGhw8bNPb,2026,cheaper
support,R_71d0KiKQn4TUN13,2026,safe
support,R_7PCmWcYXItPibRx,2026,need
support,R_5PwoxxZRoJhjpNh,2026,nuclearcmp
support,R_7mO5ygbn6X4p0AS,2026,nuclearcmp
support,R_5BAD2z9yKUBfsUV,2026,clean
support,R_3eWJICiAheeG0oK,2026,cheaper
support,R_5MLsip8GpadRN7d,2026,clean
support,R_6MtW617SXCYl2Vw,2026,clean
support,R_3TTtAaLzIFkojlL,2026,clean
support,R_6Vem0kjfGgrxhzH,2026,doubt
support,R_3N4hIhnVXG2FZKC,2026,cheaper
support,R_3s11FAhvsrsRluB,2026,fossil
support,R_6LkGpc03LrHkkSt,2026,clean
support,R_5ISMJ3trn69ynzU,2026,none
support,R_3jeS5Iu6z1dLQNu,2026,cheaper
support,R_57kZzPxYvz4U5ix,2026,host
support,R_3sihDelogqiTbyb,2026,none
support,R_50VuXt8tOeCAKCe,2026,cheaper
support,R_6fq46KbzoA60lR7,2026,none
support,R_6kSnHuo5DYV6LLi,2026,host
support,R_622PBjicZuufHJF,2026,progress
support,R_6i6FGBrAbKsPWLv,2026,none
support,R_5d7ivDlL6WrE98S,2026,clean
support,R_6e9pTFN1Ilqqsm6,2026,clean
support,R_7H02FUL7v15AHXa,2026,none
support,R_7Ns2aytnDRpahZA,2026,cheaper
support,R_1Qm04a22UXOompI,2026,jobs
support,R_10YHVclDuSYoyoj,2026,doubt
support,R_1vwfqYnksNd68c9,2026,fossil
support,R_1J5VLPp1Qcae8Kt,2026,cheaper
support,R_15ye3belzWlZdFF,2026,clean
support,R_6h430ZkxhoOJgmY,2026,progress
support,R_3jIkx5hIYtmC0SV,2026,cheaper
support,R_6XwQuLGyRwYVY5P,2026,limitless
support,R_5PPAkB1m9Yg3bEd,2026,jobs
support,R_5eK7YKMfaUlE0m5,2026,host
support,R_15KPufQee1rbJK1,2026,cheaper
support,R_12sF90Ot8MR5ILP,2026,cheaper
support,R_3fUZjK7WxUC3ojp,2026,need
support,R_5g1t3M5EPtVARtN,2026,limitless
support,R_3MKFgeE125F5Mzc,2026,clean
support,R_5N0dKYxCIgJmGUV,2026,fossil
support,R_69g3BMnWAUvCGpr,2026,clean
support,R_5HK7hArsMkMZneV,2026,cheaper
support,R_7QbZwsAoevUZZGW,2026,safe
support,R_5IQ1DaO1dSJcUDP,2026,progress
support,R_7435BvQt01clctu,2026,progress
support,R_7oYCG2nbAS55k0x,2026,cheaper
