variable,instrument_name,column_fu25,column_fu26,question_type,experimental,question_focus,topic,keywords,question_intro,question_text,response_options,n_options,response_scale,reverse_worded,asked_if,notes,instruments,wording_varies
intro,,intro,intro,screener,FALSE,background,Background,consent | admin,"This research has been approved by the University of Oklahoma, Norman Campus IRB.","By answering the survey questions, I agree to participate in this research. Please print this page for your records.","0 = No, I do not want to participate in this study | 1 = Yes, I agree to participate in this study",2,consent_2,FALSE,,The instrument shows the two options but never names the variable; the released data calls it intro,FU25;FU26,FALSE
age,,age,age,question,FALSE,background,Background,demographics,We will begin by asking you a little bit about yourself.,How old are you?,,0,numeric,FALSE,,"VERBATIM; require numeric, if < 18 skip to end of survey",FU25;FU26,FALSE
gend,,,gend,question,FALSE,background,Background,demographics,,Are you male or female?,0 = Female | 1 = Male,2,gender,FALSE,,"Asked only in FU26; FU25 took gender from the vendor sample frame, released as Gender",FU26,FALSE
hisp,,,hisp,question,FALSE,background,Background,demographics,,"Do you consider yourself to be Hispanic, Latino, or Spanish or to have Hispanic, Latino, or Spanish origins?",0 = No | 1 = Yes,2,yes_no,FALSE,,Asked only in FU26,FU26,FALSE
race,,,race,question,FALSE,background,Background,demographics,,Which of the following best describes your race?,1 = White | 2 = Black or African American | 3 = American Indian or Alaska Native | 4 = Asian | 5 = Native Hawaiian or Pacific Islander | 6 = Two or more races,6,race_6,FALSE,,"Asked only in FU26; FU25 took race from the vendor sample frame, released as Race",FU26,FALSE
state,,state,state,question,FALSE,background,Background,location | demographics,,"Using the dropdown list, please select the state where your primary residence is located.",,0,dropdown,FALSE,,DROP-DOWN,FU25;FU26,FALSE
zip,,zip,zip,question,FALSE,background,Background,location | demographics,,"What is the five-digit zip code at your residence? (This information will only be used to compare grouped differences, not to identify you.)",,0,open_text,FALSE,,VERBATIM,FU25;FU26,FALSE
worry_sec,,worry_sec,worry_sec,question,FALSE,fusion,Public concerns,energy,The next several questions ask about important issues facing policy makers in the U.S. Please rate your level of concern about each of the following issues.,National security (including terrorism and war),0 = Not at all concerned | 1 | 2 | 3 | 4 | 5 | 6 | 7 | 8 | 9 | 10 = Extremely concerned,11,concern_11,FALSE,,"RANDOM ORDER IN TABLE. Only the endpoints are labelled. FU25 intro is the second sentence only, without the lead-in about policy makers",FU25;FU26,TRUE
worry_enrgy,,worry_enrgy,worry_enrgy,question,FALSE,fusion,Public concerns,energy,The next several questions ask about important issues facing policy makers in the U.S. Please rate your level of concern about each of the following issues.,Energy (including cost and reliability),0 = Not at all concerned | 1 | 2 | 3 | 4 | 5 | 6 | 7 | 8 | 9 | 10 = Extremely concerned,11,concern_11,FALSE,,"RANDOM ORDER IN TABLE. Only the endpoints are labelled. FU25 intro is the second sentence only, without the lead-in about policy makers",FU25;FU26,TRUE
worry_econ,,worry_econ,worry_econ,question,FALSE,fusion,Public concerns,energy,The next several questions ask about important issues facing policy makers in the U.S. Please rate your level of concern about each of the following issues.,Economy (including jobs and inflation),0 = Not at all concerned | 1 | 2 | 3 | 4 | 5 | 6 | 7 | 8 | 9 | 10 = Extremely concerned,11,concern_11,FALSE,,"RANDOM ORDER IN TABLE. Only the endpoints are labelled. FU25 intro is the second sentence only, without the lead-in about policy makers",FU25;FU26,TRUE
worry_crime,,worry_crime,worry_crime,question,FALSE,fusion,Public concerns,energy,The next several questions ask about important issues facing policy makers in the U.S. Please rate your level of concern about each of the following issues.,Crime and corruption,0 = Not at all concerned | 1 | 2 | 3 | 4 | 5 | 6 | 7 | 8 | 9 | 10 = Extremely concerned,11,concern_11,FALSE,,"RANDOM ORDER IN TABLE. Only the endpoints are labelled. FU25 intro is the second sentence only, without the lead-in about policy makers",FU25;FU26,TRUE
worry_enviro,,worry_enviro,worry_enviro,question,FALSE,fusion,Public concerns,energy | climate,The next several questions ask about important issues facing policy makers in the U.S. Please rate your level of concern about each of the following issues.,Environment (including pollution and climate change),0 = Not at all concerned | 1 | 2 | 3 | 4 | 5 | 6 | 7 | 8 | 9 | 10 = Extremely concerned,11,concern_11,FALSE,,"RANDOM ORDER IN TABLE. Only the endpoints are labelled. FU25 intro is the second sentence only, without the lead-in about policy makers",FU25;FU26,TRUE
word_1,,word_1,word_1,question,FALSE,fusion,Word association,awareness,"The rest of this survey will focus on energy production in the U.S. To start, what are the first three words or phrases that come to mind when you hear the term fusion energy?",First word/phrase:,,0,open_text,FALSE,,VERBATIM. FU25 writes US without periods,FU25;FU26,TRUE
word_1_feel,,word_1_feel,word_1_feel,question,FALSE,fusion,Word association,awareness,"The rest of this survey will focus on energy production in the U.S. To start, what are the first three words or phrases that come to mind when you hear the term fusion energy?","When you think about this word or phrase, do you have positive or negative feelings?",1 = Very negative | 2 = Negative | 3 = Neither positive nor negative | 4 = Positive | 5 = Very positive,5,feeling_5,FALSE,,Refers to the word the respondent just entered in word_1,FU25;FU26,FALSE
word_2,,word_2,word_2,question,FALSE,fusion,Word association,awareness,"The rest of this survey will focus on energy production in the U.S. To start, what are the first three words or phrases that come to mind when you hear the term fusion energy?",Second word/phrase:,,0,open_text,FALSE,,VERBATIM. FU25 writes US without periods,FU25;FU26,TRUE
word_2_feel,,word_2_feel,word_2_feel,question,FALSE,fusion,Word association,awareness,"The rest of this survey will focus on energy production in the U.S. To start, what are the first three words or phrases that come to mind when you hear the term fusion energy?","When you think about this word or phrase, do you have positive or negative feelings?",1 = Very negative | 2 = Negative | 3 = Neither positive nor negative | 4 = Positive | 5 = Very positive,5,feeling_5,FALSE,,Refers to the word the respondent just entered in word_2,FU25;FU26,FALSE
word_3,,word_3,word_3,question,FALSE,fusion,Word association,awareness,"The rest of this survey will focus on energy production in the U.S. To start, what are the first three words or phrases that come to mind when you hear the term fusion energy?",Third word/phrase:,,0,open_text,FALSE,,VERBATIM. FU25 writes US without periods,FU25;FU26,TRUE
word_3_feel,,word_3_feel,word_3_feel,question,FALSE,fusion,Word association,awareness,"The rest of this survey will focus on energy production in the U.S. To start, what are the first three words or phrases that come to mind when you hear the term fusion energy?","When you think about this word or phrase, do you have positive or negative feelings?",1 = Very negative | 2 = Negative | 3 = Neither positive nor negative | 4 = Positive | 5 = Very positive,5,feeling_5,FALSE,,Refers to the word the respondent just entered in word_3,FU25;FU26,FALSE
fusion_know,,fusion_know,fusion_know,question,FALSE,fusion,Awareness and knowledge,awareness,"Now we want you to think carefully about fusion energy. Please review this information before you continue. The U.S. government is providing incentives to accelerate research and development of fusion energy. Fusion is the process of combining two or more small atoms to form a single larger atom. This process, which powers the sun, releases an enormous amount of energy. Some scientists believe that we can harness it on earth to produce a clean, safe, and virtually limitless energy source. While progress has been made in developing fusion as a viable energy source, it is still in the development stage and is not yet ready for widespread use.","Before reading this information, had you heard about fusion energy?",0 = No | 1 = Yes | 2 = Not sure,3,heard_3,FALSE,,"Every respondent read the same information paragraph, so this is not experimental. It gates the fusion_source_ and und_fusion_tech items below. FU25 writes US without periods",FU25;FU26,TRUE
fusion_source_tv,,fusion_source_1,fusion_source_tv,checkbox_item,FALSE,fusion,Awareness and knowledge,sources | awareness,Where have you heard about fusion energy? Please select all that apply.,Television news,0 = Not selected | 1 = Selected,2,checkbox,FALSE,fusion_know = 1,CHECK BOX. FU25 released this as fusion_source_1 although its instrument already used the FU26 name,FU25;FU26,FALSE
fusion_source_online,,fusion_source_2,fusion_source_online,checkbox_item,FALSE,fusion,Awareness and knowledge,sources | awareness,Where have you heard about fusion energy? Please select all that apply.,Online news websites,0 = Not selected | 1 = Selected,2,checkbox,FALSE,fusion_know = 1,CHECK BOX. FU25 released this as fusion_source_2,FU25;FU26,FALSE
fusion_source_soc,,fusion_source_3,fusion_source_soc,checkbox_item,FALSE,fusion,Awareness and knowledge,sources | awareness,Where have you heard about fusion energy? Please select all that apply.,"Social media (e.g., Facebook, X, Reddit, YouTube)",0 = Not selected | 1 = Selected,2,checkbox,FALSE,fusion_know = 1,CHECK BOX. FU25 released this as fusion_source_3,FU25;FU26,FALSE
fusion_source_mag,,fusion_source_4,fusion_source_mag,checkbox_item,FALSE,fusion,Awareness and knowledge,sources | awareness,Where have you heard about fusion energy? Please select all that apply.,Scientific magazines or journals,0 = Not selected | 1 = Selected,2,checkbox,FALSE,fusion_know = 1,CHECK BOX. FU25 released this as fusion_source_4,FU25;FU26,FALSE
fusion_source_gov,,fusion_source_5,fusion_source_gov,checkbox_item,FALSE,fusion,Awareness and knowledge,sources | awareness,Where have you heard about fusion energy? Please select all that apply.,Government reports or websites,0 = Not selected | 1 = Selected,2,checkbox,FALSE,fusion_know = 1,CHECK BOX. FU25 released this as fusion_source_5,FU25;FU26,FALSE
fusion_source_friends,,fusion_source_6,fusion_source_friends,checkbox_item,FALSE,fusion,Awareness and knowledge,sources | awareness,Where have you heard about fusion energy? Please select all that apply.,"Friends, family, or colleagues",0 = Not selected | 1 = Selected,2,checkbox,FALSE,fusion_know = 1,CHECK BOX. FU25 released this as fusion_source_6,FU25;FU26,FALSE
fusion_source_pod,,fusion_source_7,fusion_source_pod,checkbox_item,FALSE,fusion,Awareness and knowledge,sources | awareness,Where have you heard about fusion energy? Please select all that apply.,Podcasts or radio,0 = Not selected | 1 = Selected,2,checkbox,FALSE,fusion_know = 1,CHECK BOX. FU25 released this as fusion_source_7,FU25;FU26,FALSE
fusion_source_mov,,fusion_source_8,fusion_source_mov,checkbox_item,FALSE,fusion,Awareness and knowledge,sources | awareness,Where have you heard about fusion energy? Please select all that apply.,Movies or documentaries,0 = Not selected | 1 = Selected,2,checkbox,FALSE,fusion_know = 1,CHECK BOX. FU25 released this as fusion_source_8,FU25;FU26,FALSE
fusion_source_dk,,fusion_source_9,fusion_source_dk,checkbox_item,FALSE,fusion,Awareness and knowledge,sources | awareness,Where have you heard about fusion energy? Please select all that apply.,Don’t know,0 = Not selected | 1 = Selected,2,checkbox,FALSE,fusion_know = 1,"CHECK BOX. FU25 released this as fusion_source_9. Logically exclusive of the other boxes, but the instrument does not enforce it",FU25;FU26,FALSE
fusion_source_oth,,fusion_source_10,fusion_source_oth,checkbox_item,FALSE,fusion,Awareness and knowledge,sources | awareness,Where have you heard about fusion energy? Please select all that apply.,Other (please specify),0 = Not selected | 1 = Selected,2,checkbox,FALSE,fusion_know = 1,CHECK BOX. FU25 released this as fusion_source_10,FU25;FU26,FALSE
fusion_source_oth_spec,,fusion_source_10_text,fusion_source_oth_spec,verbatim_followup,FALSE,fusion,Awareness and knowledge,sources | open_feedback,Where have you heard about fusion energy? Please select all that apply.,,,0,open_text,FALSE,fusion_source_oth = 1,"VERBATIM. The please-specify box belonging to fusion_source_oth. Neither instrument names it; both waves release it, FU25 as fusion_source_10_text",FU25;FU26,FALSE
und_fusion_tech,,und_fusion_tech,und_fusion_tech,question,FALSE,fusion,Awareness and knowledge,knowledge,,How would you rate your knowledge of fusion energy technology?,0 = Not at all knowledgeable | 1 | 2 | 3 | 4 | 5 | 6 | 7 | 8 | 9 | 10 = Extremely knowledgeable,11,knowledge_11,FALSE,fusion_know = 1,Only the endpoints are labelled,FU25;FU26,FALSE
fusion_risk,,,fusion_risk,question,FALSE,fusion,"Risks, costs, and benefits",risk_perception,"Like other emerging energy technologies, fusion energy has potential risks, costs, and benefits.",How would you rate the overall level of risk associated with developing and deploying fusion energy in the U.S.?,1 = Very low | 2 = Low | 3 = Moderate | 4 = High | 5 = Very high,5,level_5,FALSE,,Asked only in FU26,FU26,FALSE
fusion_cost,,,fusion_cost,question,FALSE,fusion,"Risks, costs, and benefits",costs,"Like other emerging energy technologies, fusion energy has potential risks, costs, and benefits.",How would you rate the overall level of cost associated with developing and deploying fusion energy in the U.S.?,1 = Very low | 2 = Low | 3 = Moderate | 4 = High | 5 = Very high,5,level_5,FALSE,,Asked only in FU26,FU26,FALSE
fusion_ben,,,fusion_ben,question,FALSE,fusion,"Risks, costs, and benefits",benefits,"Like other emerging energy technologies, fusion energy has potential risks, costs, and benefits.",How would you rate the overall level of benefit associated with developing and deploying fusion energy in the U.S.?,1 = Very low | 2 = Low | 3 = Moderate | 4 = High | 5 = Very high,5,level_5,FALSE,,Asked only in FU26,FU26,FALSE
fusion_risk_ben,,,fusion_risk_ben,question,FALSE,fusion,"Risks, costs, and benefits",risk_perception | benefits | costs,,"How do you rate the overall balance of the risks, costs, and benefits of developing and deploying fusion energy in the U.S.?","1 = Risks and costs far outweigh benefits | 2 | 3 | 4 = Risks, costs, and benefits are equally balanced | 5 | 6 | 7 = Benefits far outweigh risks and costs",7,riskbencost_7,FALSE,,"FU25 asked a narrower version under a different name (rskben_fusion), which covers risks and benefits but not costs. Do not pool the two",FU26,FALSE
new_fusion,,new_fusion,new_fusion,question,FALSE,fusion,Support and expectations,support,,How do you feel about the construction and use of fusion power plants to generate electricity in the U.S.?,1 = Strongly oppose | 2 | 3 | 4 | 5 | 6 | 7 = Strongly support,7,support_7,FALSE,,Only the endpoints are labelled. FU25 writes US without periods,FU25;FU26,TRUE
fusion_host,,fusion_host,fusion_host,question,TRUE,fusion,Support and expectations,support | siting,"Some companies are looking for communities in the U.S. to host pilot facilities for fusion energy. These facilities would be used to conduct research and development on fusion energy, and, eventually, house pilot power plants that convert fusion energy into electricity.",How would you feel about a proposal to host a fusion energy facility within [rand_dist: 10 | 50] miles of your residence?,1 = Strongly oppose | 2 | 3 | 4 | 5 | 6 | 7 = Strongly support,7,support_7,FALSE,,"Distance randomized between 10 and 50 miles, so half the sample answered a different question. Only the endpoints are labelled. FU25 writes US without periods",FU25;FU26,TRUE
fusion_oppose_why,,fusion_oppose_why,fusion_oppose_why,question,FALSE,fusion,Support and expectations,support | open_feedback,,It sounds like you oppose fusion energy or hosting a facility nearby. Can you briefly explain your thoughts? What do you find most concerning or troubling about it?,,0,open_text,FALSE,new_fusion <= 2 or fusion_host <= 2,VERBATIM. One of the two gates (fusion_host) is itself randomized on distance,FU25;FU26,FALSE
fusion_support_why,,fusion_support_why,fusion_support_why,question,FALSE,fusion,Support and expectations,support | open_feedback,,It sounds like you support fusion energy or hosting a facility nearby. Can you briefly explain your thoughts? What do you find most appealing or promising about it?,,0,open_text,FALSE,new_fusion >= 6 or fusion_host >= 6,VERBATIM. One of the two gates (fusion_host) is itself randomized on distance,FU25;FU26,FALSE
fusion_uncertain_why,,fusion_uncertain_why,fusion_uncertain_why,question,FALSE,fusion,Support and expectations,support | open_feedback,,It sounds like you may have mixed feelings about fusion energy or hosting a facility nearby. Can you briefly explain your thoughts?,,0,open_text,FALSE,new_fusion 3 to 5 or fusion_host 3 to 5,VERBATIM. One of the two gates (fusion_host) is itself randomized on distance,FU25;FU26,FALSE
fusion_feas,,fusion_feas,fusion_feas,question,FALSE,fusion,Support and expectations,support | timeline,,"Given what you know now, will it be technically feasible to produce electricity from fusion energy in the future? (In other words, can it happen?)",0 = No | 1 = Yes,2,yes_no,FALSE,,RANDOM ORDER with fusion_desire,FU25;FU26,FALSE
fusion_desire,,fusion_desire,fusion_desire,question,FALSE,fusion,Support and expectations,support,,"Given what you know now, will it be desirable to produce electricity from fusion energy in the future? (In other words, should it happen?)",0 = No | 1 = Yes,2,yes_no,FALSE,,RANDOM ORDER with fusion_feas,FU25;FU26,FALSE
fusion_time,,fusion_time,fusion_time,question,FALSE,fusion,Support and expectations,timeline,,"If you were to guess, how long do you think it will be before fusion energy technology will be ready for widespread use in the US?",1 = 1 to 5 years | 2 = 6 to 10 years | 3 = 11 to 25 years | 4 = 26 to 50 years | 5 = 51 to 100 years | 6 = It will never be ready for widespread use,6,timeline_6,FALSE,,FU25 bands overlap at their edges - 1 to 5 / 5 to 10 / 10 to 25 / 25 to 50 / 50 to 100 - so a respondent at exactly 5 or 10 years had two valid answers. FU26 closed the gaps. Do not pool the two waves without deciding what to do about the overlap,FU25;FU26,TRUE
fusion_risk_environ,,,fusion_risk_environ,checkbox_item,FALSE,fusion,"Risks, costs, and benefits",risk_perception | information_needs,People often consider different types of risks when forming opinions about new energy technologies. Which of the following would you most want to understand before forming an opinion about the development and deployment of fusion energy in the U.S.? Please select two.,"Environmental impacts (e.g., water use, land disturbance, and effects on local ecosystems)",0 = Not selected | 1 = Selected,2,checkbox,FALSE,,CHECK BOX; RANDOM ORDER; respondents were asked to select two,FU26,FALSE
fusion_risk_health,,,fusion_risk_health,checkbox_item,FALSE,fusion,"Risks, costs, and benefits",risk_perception | information_needs,People often consider different types of risks when forming opinions about new energy technologies. Which of the following would you most want to understand before forming an opinion about the development and deployment of fusion energy in the U.S.? Please select two.,"Public health and safety risks (e.g., radiation exposure, facility accidents)",0 = Not selected | 1 = Selected,2,checkbox,FALSE,,CHECK BOX; RANDOM ORDER; respondents were asked to select two,FU26,FALSE
fusion_risk_waste,,,fusion_risk_waste,checkbox_item,FALSE,fusion,"Risks, costs, and benefits",risk_perception | information_needs,People often consider different types of risks when forming opinions about new energy technologies. Which of the following would you most want to understand before forming an opinion about the development and deployment of fusion energy in the U.S.? Please select two.,"Long-term radioactive material management (e.g., safely storing and monitoring materials after use and plant decommissioning)",0 = Not selected | 1 = Selected,2,checkbox,FALSE,,CHECK BOX; RANDOM ORDER; respondents were asked to select two,FU26,FALSE
fusion_risk_security,,,fusion_risk_security,checkbox_item,FALSE,fusion,"Risks, costs, and benefits",risk_perception | information_needs,People often consider different types of risks when forming opinions about new energy technologies. Which of the following would you most want to understand before forming an opinion about the development and deployment of fusion energy in the U.S.? Please select two.,"Security risks (e.g., materials security, cyber threats, nuclear weapons proliferation concerns)",0 = Not selected | 1 = Selected,2,checkbox,FALSE,,CHECK BOX; RANDOM ORDER; respondents were asked to select two,FU26,FALSE
fusion_risk_tech,,,fusion_risk_tech,checkbox_item,FALSE,fusion,"Risks, costs, and benefits",risk_perception | information_needs,People often consider different types of risks when forming opinions about new energy technologies. Which of the following would you most want to understand before forming an opinion about the development and deployment of fusion energy in the U.S.? Please select two.,"Technological reliability risks (e.g., systems not performing as expected at commercial scale)",0 = Not selected | 1 = Selected,2,checkbox,FALSE,,CHECK BOX; RANDOM ORDER; respondents were asked to select two,FU26,FALSE
fusion_risk_oth,,,fusion_risk_oth,checkbox_item,FALSE,fusion,"Risks, costs, and benefits",risk_perception | information_needs,People often consider different types of risks when forming opinions about new energy technologies. Which of the following would you most want to understand before forming an opinion about the development and deployment of fusion energy in the U.S.? Please select two.,Other (please specify),0 = Not selected | 1 = Selected,2,checkbox,FALSE,,CHECK BOX; RANDOM ORDER,FU26,FALSE
fusion_risk_oth_spec,,,fusion_risk_oth_spec,verbatim_followup,FALSE,fusion,"Risks, costs, and benefits",risk_perception | open_feedback,People often consider different types of risks when forming opinions about new energy technologies. Which of the following would you most want to understand before forming an opinion about the development and deployment of fusion energy in the U.S.? Please select two.,,,0,open_text,FALSE,fusion_risk_oth = 1,VERBATIM. The please-specify box belonging to fusion_risk_oth,FU26,FALSE
fusion_cost_research,,,fusion_cost_research,checkbox_item,FALSE,fusion,"Risks, costs, and benefits",costs | information_needs,People also consider different types of costs when forming opinions about new energy technologies. Which of the following would you most want to understand before forming an opinion about the development and deployment of fusion energy in the U.S.? Please select two.,"Research and development costs (e.g., public and private investment needed to advance the technology)",0 = Not selected | 1 = Selected,2,checkbox,FALSE,,CHECK BOX; RANDOM ORDER; respondents were asked to select two,FU26,FALSE
fusion_cost_constru,,,fusion_cost_constru,checkbox_item,FALSE,fusion,"Risks, costs, and benefits",costs | information_needs,People also consider different types of costs when forming opinions about new energy technologies. Which of the following would you most want to understand before forming an opinion about the development and deployment of fusion energy in the U.S.? Please select two.,"Construction and capital costs (e.g., building commercial-scale fusion facilities)",0 = Not selected | 1 = Selected,2,checkbox,FALSE,,CHECK BOX; RANDOM ORDER; respondents were asked to select two,FU26,FALSE
fusion_cost_infra,,,fusion_cost_infra,checkbox_item,FALSE,fusion,"Risks, costs, and benefits",costs | information_needs,People also consider different types of costs when forming opinions about new energy technologies. Which of the following would you most want to understand before forming an opinion about the development and deployment of fusion energy in the U.S.? Please select two.,"Infrastructure costs (e.g., grid upgrades, supply chains, supporting facilities)",0 = Not selected | 1 = Selected,2,checkbox,FALSE,,CHECK BOX; RANDOM ORDER; respondents were asked to select two,FU26,FALSE
fusion_cost_opera,,,fusion_cost_opera,checkbox_item,FALSE,fusion,"Risks, costs, and benefits",costs | information_needs,People also consider different types of costs when forming opinions about new energy technologies. Which of the following would you most want to understand before forming an opinion about the development and deployment of fusion energy in the U.S.? Please select two.,"Operations and maintenance costs (e.g., staffing, fuel production, system upkeep)",0 = Not selected | 1 = Selected,2,checkbox,FALSE,,CHECK BOX; RANDOM ORDER; respondents were asked to select two,FU26,FALSE
fusion_cost_decomm,,,fusion_cost_decomm,checkbox_item,FALSE,fusion,"Risks, costs, and benefits",costs | information_needs,People also consider different types of costs when forming opinions about new energy technologies. Which of the following would you most want to understand before forming an opinion about the development and deployment of fusion energy in the U.S.? Please select two.,"Decommissioning and cleanup costs (e.g., safely retiring facilities and managing residual materials)",0 = Not selected | 1 = Selected,2,checkbox,FALSE,,CHECK BOX; RANDOM ORDER; respondents were asked to select two,FU26,FALSE
fusion_cost_oth,,,fusion_cost_oth,checkbox_item,FALSE,fusion,"Risks, costs, and benefits",costs | information_needs,People also consider different types of costs when forming opinions about new energy technologies. Which of the following would you most want to understand before forming an opinion about the development and deployment of fusion energy in the U.S.? Please select two.,Other (please specify),0 = Not selected | 1 = Selected,2,checkbox,FALSE,,CHECK BOX; RANDOM ORDER,FU26,FALSE
fusion_cost_oth_spec,,,fusion_cost_oth_spec,verbatim_followup,FALSE,fusion,"Risks, costs, and benefits",costs | open_feedback,People also consider different types of costs when forming opinions about new energy technologies. Which of the following would you most want to understand before forming an opinion about the development and deployment of fusion energy in the U.S.? Please select two.,,,0,open_text,FALSE,fusion_cost_oth = 1,VERBATIM. The please-specify box belonging to fusion_cost_oth,FU26,FALSE
fusion_ben_clean,,,fusion_ben_clean,checkbox_item,FALSE,fusion,"Risks, costs, and benefits",benefits | information_needs,People also consider different types of benefits when forming opinions about new energy technologies. Which of the following would you most want to understand before forming an opinion about the development and deployment of fusion energy in the U.S.? Please select two.,"Clean energy benefits (e.g., low greenhouse gas emissions and reduced air pollution)",0 = Not selected | 1 = Selected,2,checkbox,FALSE,,CHECK BOX; RANDOM ORDER; respondents were asked to select two,FU26,FALSE
fusion_ben_energysec,,,fusion_ben_energysec,checkbox_item,FALSE,fusion,"Risks, costs, and benefits",benefits | information_needs,People also consider different types of benefits when forming opinions about new energy technologies. Which of the following would you most want to understand before forming an opinion about the development and deployment of fusion energy in the U.S.? Please select two.,"Energy security and energy independence benefits (e.g., reliable domestic energy supply less dependent on foreign sources)",0 = Not selected | 1 = Selected,2,checkbox,FALSE,,CHECK BOX; RANDOM ORDER; respondents were asked to select two,FU26,FALSE
fusion_ben_grid,,,fusion_ben_grid,checkbox_item,FALSE,fusion,"Risks, costs, and benefits",benefits | information_needs,People also consider different types of benefits when forming opinions about new energy technologies. Which of the following would you most want to understand before forming an opinion about the development and deployment of fusion energy in the U.S.? Please select two.,"Grid reliability benefits (e.g., consistent power generation to support the electric grid)",0 = Not selected | 1 = Selected,2,checkbox,FALSE,,CHECK BOX; RANDOM ORDER; respondents were asked to select two,FU26,FALSE
fusion_ben_econ,,,fusion_ben_econ,checkbox_item,FALSE,fusion,"Risks, costs, and benefits",benefits | information_needs,People also consider different types of benefits when forming opinions about new energy technologies. Which of the following would you most want to understand before forming an opinion about the development and deployment of fusion energy in the U.S.? Please select two.,"Economic benefits (e.g., job creation, industry growth, technological leadership)",0 = Not selected | 1 = Selected,2,checkbox,FALSE,,CHECK BOX; RANDOM ORDER; respondents were asked to select two,FU26,FALSE
fusion_ben_safe,,,fusion_ben_safe,checkbox_item,FALSE,fusion,"Risks, costs, and benefits",benefits | information_needs,People also consider different types of benefits when forming opinions about new energy technologies. Which of the following would you most want to understand before forming an opinion about the development and deployment of fusion energy in the U.S.? Please select two.,"Safety advantages (e.g., lower risk of large-scale accidents)",0 = Not selected | 1 = Selected,2,checkbox,FALSE,,CHECK BOX; RANDOM ORDER; respondents were asked to select two,FU26,FALSE
fusion_ben_oth,,,fusion_ben_oth,checkbox_item,FALSE,fusion,"Risks, costs, and benefits",benefits | information_needs,People also consider different types of benefits when forming opinions about new energy technologies. Which of the following would you most want to understand before forming an opinion about the development and deployment of fusion energy in the U.S.? Please select two.,Other (please specify),0 = Not selected | 1 = Selected,2,checkbox,FALSE,,CHECK BOX; RANDOM ORDER,FU26,FALSE
fusion_ben_oth_spec,,,fusion_ben_oth_spec,verbatim_followup,FALSE,fusion,"Risks, costs, and benefits",benefits | open_feedback,People also consider different types of benefits when forming opinions about new energy technologies. Which of the following would you most want to understand before forming an opinion about the development and deployment of fusion energy in the U.S.? Please select two.,Other,,0,open_text,FALSE,fusion_ben_oth = 1,"VERBATIM. The please-specify box belonging to fusion_ben_oth. Unlike its risk and cost siblings this one carries the word Other before the marker, which is a document inconsistency rather than a difference in what was collected",FU26,FALSE
fusion_info_risk,,,fusion_info_risk,checkbox_item,FALSE,fusion,Information needs,information_needs,"Before forming an opinion about the development and deployment of fusion energy in the United States, which of the following topics would you most want more information about? Please select up to three.",What are the main risks associated with fusion energy?,0 = Not selected | 1 = Selected,2,checkbox,FALSE,,CHECK BOX; RANDOM ORDER; respondents could select up to three,FU26,FALSE
fusion_info_ben,,,fusion_info_ben,checkbox_item,FALSE,fusion,Information needs,information_needs,"Before forming an opinion about the development and deployment of fusion energy in the United States, which of the following topics would you most want more information about? Please select up to three.",What are the main benefits associated with fusion energy?,0 = Not selected | 1 = Selected,2,checkbox,FALSE,,CHECK BOX; RANDOM ORDER; respondents could select up to three,FU26,FALSE
fusion_info_cost,,,fusion_info_cost,checkbox_item,FALSE,fusion,Information needs,information_needs | costs,"Before forming an opinion about the development and deployment of fusion energy in the United States, which of the following topics would you most want more information about? Please select up to three.",How much will fusion energy cost to build and operate?,0 = Not selected | 1 = Selected,2,checkbox,FALSE,,CHECK BOX; RANDOM ORDER; respondents could select up to three,FU26,FALSE
fusion_info_time,,,fusion_info_time,checkbox_item,FALSE,fusion,Information needs,information_needs | timeline,"Before forming an opinion about the development and deployment of fusion energy in the United States, which of the following topics would you most want more information about? Please select up to three.",When will fusion energy realistically be ready for widespread use?,0 = Not selected | 1 = Selected,2,checkbox,FALSE,,CHECK BOX; RANDOM ORDER; respondents could select up to three,FU26,FALSE
fusion_info_env,,,fusion_info_env,checkbox_item,FALSE,fusion,Information needs,information_needs | climate,"Before forming an opinion about the development and deployment of fusion energy in the United States, which of the following topics would you most want more information about? Please select up to three.",How will fusion energy affect the environment?,0 = Not selected | 1 = Selected,2,checkbox,FALSE,,CHECK BOX; RANDOM ORDER; respondents could select up to three,FU26,FALSE
fusion_info_fission,,,fusion_info_fission,checkbox_item,FALSE,fusion,Information needs,information_needs | energy,"Before forming an opinion about the development and deployment of fusion energy in the United States, which of the following topics would you most want more information about? Please select up to three.",How does fusion compare to today’s nuclear (fission) power plants?,0 = Not selected | 1 = Selected,2,checkbox,FALSE,,CHECK BOX; RANDOM ORDER; respondents could select up to three,FU26,FALSE
fusion_info_price,,,fusion_info_price,checkbox_item,FALSE,fusion,Information needs,information_needs | costs,"Before forming an opinion about the development and deployment of fusion energy in the United States, which of the following topics would you most want more information about? Please select up to three.",Will fusion energy lower electricity costs for consumers?,0 = Not selected | 1 = Selected,2,checkbox,FALSE,,CHECK BOX; RANDOM ORDER; respondents could select up to three,FU26,FALSE
fusion_info_work,,,fusion_info_work,checkbox_item,FALSE,fusion,Information needs,information_needs | comprehension,"Before forming an opinion about the development and deployment of fusion energy in the United States, which of the following topics would you most want more information about? Please select up to three.",How does fusion energy work?,0 = Not selected | 1 = Selected,2,checkbox,FALSE,,CHECK BOX; RANDOM ORDER; respondents could select up to three,FU26,FALSE
fusion_info_reg,,,fusion_info_reg,checkbox_item,FALSE,fusion,Information needs,information_needs | regulation,"Before forming an opinion about the development and deployment of fusion energy in the United States, which of the following topics would you most want more information about? Please select up to three.",How will fusion energy be regulated?,0 = Not selected | 1 = Selected,2,checkbox,FALSE,,CHECK BOX; RANDOM ORDER; respondents could select up to three,FU26,FALSE
fusion_info_oth,,,fusion_info_oth,checkbox_item,FALSE,fusion,Information needs,information_needs,"Before forming an opinion about the development and deployment of fusion energy in the United States, which of the following topics would you most want more information about? Please select up to three.",Other (please specify),0 = Not selected | 1 = Selected,2,checkbox,FALSE,,CHECK BOX; RANDOM ORDER,FU26,FALSE
fusion_info_oth_spec,,,fusion_info_oth_spec,verbatim_followup,FALSE,fusion,Information needs,information_needs | open_feedback,"Before forming an opinion about the development and deployment of fusion energy in the United States, which of the following topics would you most want more information about? Please select up to three.",,,0,open_text,FALSE,fusion_info_oth = 1,VERBATIM. The please-specify box belonging to fusion_info_oth,FU26,FALSE
nrc_trust,,nrc_trust,nrc_trust,question,FALSE,fusion,Trust in institutions,trust,New technologies can be technically complex and getting information you can trust is important. Please indicate your level of trust in information about fusion energy provided by technical experts from each of the following organizations.,U.S. Nuclear Regulatory Commission,0 = No trust | 1 | 2 | 3 | 4 | 5 | 6 | 7 | 8 | 9 | 10 = Complete trust,11,trust_11,FALSE,,RANDOMIZE. Only the endpoints are labelled. FU25 writes US without periods,FU25;FU26,TRUE
epa_trust,,epa_trust,epa_trust,question,FALSE,fusion,Trust in institutions,trust,New technologies can be technically complex and getting information you can trust is important. Please indicate your level of trust in information about fusion energy provided by technical experts from each of the following organizations.,U.S. Environmental Protection Agency,0 = No trust | 1 | 2 | 3 | 4 | 5 | 6 | 7 | 8 | 9 | 10 = Complete trust,11,trust_11,FALSE,,RANDOMIZE. Only the endpoints are labelled. FU25 writes US without periods,FU25;FU26,TRUE
labs_trust,,labs_trust,labs_trust,question,TRUE,fusion,Trust in institutions,trust,New technologies can be technically complex and getting information you can trust is important. Please indicate your level of trust in information about fusion energy provided by technical experts from each of the following organizations.,[rand_lab: U.S. national laboratories for energy and security | Lawrence Livermore National Laboratory],0 = No trust | 1 | 2 | 3 | 4 | 5 | 6 | 7 | 8 | 9 | 10 = Complete trust,11,trust_11,FALSE,,"RANDOMIZE. The organization named is randomized between a generic and a specific laboratory, so the two halves rated different things. Only the endpoints are labelled. FU25 writes US without periods",FU25;FU26,TRUE
nas_trust,,nas_trust,nas_trust,question,FALSE,fusion,Trust in institutions,trust,New technologies can be technically complex and getting information you can trust is important. Please indicate your level of trust in information about fusion energy provided by technical experts from each of the following organizations.,National Academy of Sciences,0 = No trust | 1 | 2 | 3 | 4 | 5 | 6 | 7 | 8 | 9 | 10 = Complete trust,11,trust_11,FALSE,,RANDOMIZE. Only the endpoints are labelled,FU25;FU26,FALSE
enviro_trust,,enviro_trust,enviro_trust,question,FALSE,fusion,Trust in institutions,trust,New technologies can be technically complex and getting information you can trust is important. Please indicate your level of trust in information about fusion energy provided by technical experts from each of the following organizations.,Environmental advocacy groups,0 = No trust | 1 | 2 | 3 | 4 | 5 | 6 | 7 | 8 | 9 | 10 = Complete trust,11,trust_11,FALSE,,RANDOMIZE. Only the endpoints are labelled,FU25;FU26,FALSE
tech_trust,,tech_trust,tech_trust,question,FALSE,fusion,Trust in institutions,trust,New technologies can be technically complex and getting information you can trust is important. Please indicate your level of trust in information about fusion energy provided by technical experts from each of the following organizations.,Technology companies that are researching and developing fusion energy,0 = No trust | 1 | 2 | 3 | 4 | 5 | 6 | 7 | 8 | 9 | 10 = Complete trust,11,trust_11,FALSE,,RANDOMIZE. Only the endpoints are labelled,FU25;FU26,FALSE
doe_trust,,doe_trust,doe_trust,question,FALSE,fusion,Trust in institutions,trust,New technologies can be technically complex and getting information you can trust is important. Please indicate your level of trust in information about fusion energy provided by technical experts from each of the following organizations.,U.S. Department of Energy,0 = No trust | 1 | 2 | 3 | 4 | 5 | 6 | 7 | 8 | 9 | 10 = Complete trust,11,trust_11,FALSE,,RANDOMIZE. Only the endpoints are labelled. FU25 writes US without periods,FU25;FU26,TRUE
univ_trust,,univ_trust,univ_trust,question,FALSE,fusion,Trust in institutions,trust,New technologies can be technically complex and getting information you can trust is important. Please indicate your level of trust in information about fusion energy provided by technical experts from each of the following organizations.,University scientists that study fusion energy,0 = No trust | 1 | 2 | 3 | 4 | 5 | 6 | 7 | 8 | 9 | 10 = Complete trust,11,trust_11,FALSE,,RANDOMIZE. Only the endpoints are labelled,FU25;FU26,FALSE
media_trust,,media_trust,media_trust,question,FALSE,fusion,Trust in institutions,trust,New technologies can be technically complex and getting information you can trust is important. Please indicate your level of trust in information about fusion energy provided by technical experts from each of the following organizations.,News or media,0 = No trust | 1 | 2 | 3 | 4 | 5 | 6 | 7 | 8 | 9 | 10 = Complete trust,11,trust_11,FALSE,,RANDOMIZE. Only the endpoints are labelled,FU25;FU26,FALSE
fusion_question,,,fusion_question,question,FALSE,fusion,Information needs,information_needs | open_feedback,"As part of this project, we plan to share participants’ questions and comments (without identifying information) with experts who are working to improve how fusion energy is communicated.","If you had the opportunity to speak directly with a fusion expert, what specific question would you ask?",,0,open_text,FALSE,,"VERBATIM. The marker sits on the question paragraph, not on the line carrying the variable name",FU26,FALSE
confirm_attention,,,confirm_attention,screener,FALSE,background,Background,attention_check | admin,"As you may know, government regulations establish the rules and oversight that determine how new technologies are tested, evaluated, and ultimately approved for widespread use. Because fusion energy is still under development, policymakers are currently deciding what those rules should look like. Many of these decisions remain unresolved. The next few questions ask for your views on several important issues that policymakers are currently considering as they develop future regulations for fusion energy.","Before continuing, will you take a moment to carefully read the information and thoughtfully consider your responses in the next section?",0 = No | 1 = Yes,2,attention_2,FALSE,,"Every respondent in the released data answered Yes, so it excludes nobody and carries no variance",FU26,FALSE
fusion_reg_phil,,,fusion_reg_phil,question,FALSE,fusion,Regulation,regulation,An overarching challenge with regulating emerging technologies like fusion energy is balancing the need to protect public health and safety with the desire to encourage scientific innovation and technological progress.,"When making decisions about emerging technologies like fusion energy, which of the following approaches comes closest to your view?","1 = Regulators should prioritize protecting public health and safety, even if it significantly slows the development and deployment of new technologies | 2 = Regulators should lean toward prioritizing protecting public health and safety over encouraging innovation and technological progress | 3 = Regulators should lean toward encouraging innovation and technological progress over protecting public health and safety | 4 = Regulators should prioritize encouraging innovation and technological progress, even if this means accepting greater uncertainty for public health and safety",4,reg_phil_4,FALSE,,Asked only in FU26,FU26,FALSE
fusion_reg_time,,,fusion_reg_time,question,FALSE,fusion,Regulation,regulation | timeline,"New technologies like fusion energy usually go through testing before they're approved for widespread use. Regulators face a tradeoff: requiring more testing before approval takes longer but reduces uncertainty about safety and environmental risks, while allowing earlier deployment gets the benefits of the technology sooner but means some risks are still being worked out.",Which comes closest to your view on how fusion energy should be regulated?,"1 = Require extensive testing before commercial deployment, even if this significantly delays the technology | 2 = Lean toward requiring extensive testing before commercial deployment | 3 = Lean toward allowing earlier deployment, with continued testing and oversight | 4 = Allow earlier commercial deployment, with continued testing and oversight, even if some risks remain uncertain",4,reg_time_4,FALSE,,Asked only in FU26,FU26,FALSE
reg_path_balance,,,reg_path_balance,question,TRUE,fusion,Regulation,regulation,"Now imagine that policymakers are considering the following proposal for regulating fusion energy in the U.S. Please read the proposal carefully. Afterward, we will ask whether you support or oppose adopting this proposal.",How well do you think this proposed approach balances safety and innovation?,1 = Places far too much emphasis on safety | 2 = Places somewhat too much emphasis on safety | 3 = Balances safety and innovation about equally | 4 = Places somewhat too much emphasis on innovation | 5 = Places far too much emphasis on innovation,5,reg_balance_5,FALSE,,"Rates whichever of the three rand_reg_path proposals the respondent was shown, so the item is not a single population measure",FU26,FALSE
reg_path_support,,,reg_path_support,question,TRUE,fusion,Regulation,regulation | support,"Now imagine that policymakers are considering the following proposal for regulating fusion energy in the U.S. Please read the proposal carefully. Afterward, we will ask whether you support or oppose adopting this proposal.","Overall, how much do you support or oppose adopting this proposed approach to regulating fusion energy in the U.S.?",1 = Strongly oppose | 2 = Somewhat oppose | 3 = Neither support nor oppose | 4 = Somewhat support | 5 = Strongly support,5,support_5,FALSE,,"Rates whichever of the three rand_reg_path proposals the respondent was shown, so the item is not a single population measure",FU26,FALSE
fusion_reg_choice,,,fusion_reg_choice,question,TRUE,fusion,Regulation,regulation,,"The previous question asked you to evaluate one possible regulatory proposal. Policymakers are also considering other approaches. Below are three possible approaches to regulating fusion energy in the U.S., including the one you just reviewed. After reading each approach, please select the one you believe policymakers should adopt.","1 = Companies would be required to demonstrate that fusion energy facilities are thoroughly tested and safe before they are allowed to move from research and demonstration projects to commercial deployment. Regulators would require extensive evidence before approving each stage of development. This approach prioritizes protecting public health and safety, even if it slows the development and deployment of fusion energy. | 2 = Companies would be allowed to move through research, demonstration, and commercial deployment while continuing to gather scientific evidence under regulatory oversight. Regulators would update regulatory requirements as additional evidence is collected and the technology matures. This approach seeks to balance protecting public health and safety with encouraging scientific innovation and technological progress. | 3 = Companies would be required to meet government safety requirements before moving through research, demonstration, and commercial deployment, but the regulatory process would be designed to reduce unnecessary barriers and accelerate development. Regulators would allow promising technologies to move more quickly through the approval process while continuing to oversee their safe development. This approach prioritizes encouraging scientific innovation and technological progress, even if it accepts greater uncertainty during development.",3,reg_choice_3,FALSE,,"RANDOM ORDER. All three approaches are offered to everyone, but each respondent has just evaluated one of them under rand_reg_path, so the choice is made after a randomized prime. Option 3 reads reduce unnecessary barriers here and reduce administrative barriers where the same proposal is shown as arm C",FU26,FALSE
fusion_reg_level,,,fusion_reg_level,question,FALSE,fusion,Regulation,regulation,Deciding how fusion energy should be regulated is only one part of the policy process. Policymakers must also decide which level of government should have primary responsibility for carrying out those regulations.,"In your opinion, how should responsibility for regulating future fusion energy facilities in the U.S. be divided?",1 = Mostly the federal government | 2 = More the federal government than state governments | 3 = About equally shared between the federal and state governments | 4 = More state governments than the federal government | 5 = Mostly state governments,5,reg_level_5,FALSE,,Asked only in FU26,FU26,FALSE
reg_policy_conf,,,reg_policy_conf,question,FALSE,fusion,Regulation,regulation | trust,"As these questions illustrate, regulating fusion energy requires policymakers to make difficult decisions about balancing public health and safety, scientific innovation, and technological progress. Many of these decisions remain unresolved.","Overall, how confident are you that policymakers will make decisions about regulating fusion energy that are in the best interest of the public?",1 = Not at all confident | 2 = Slightly confident | 3 = Moderately confident | 4 = Very confident | 5 = Extremely confident,5,confidence_5,FALSE,,Asked only in FU26,FU26,FALSE
future_tech,,future_tech,future_tech,question,FALSE,fusion,Technology and energy,energy,Now we have a few questions about the future. Some books and movies portray a future where technology provides products and services that make life better for people. Others portray a future where technology causes environmental and social problems that make life worse for people. How about you?,"Over the long term, do you think that technological changes will lead to a future where people’s lives are better or to a future where people’s lives are worse?",1 = A lot better | 2 = Mostly better | 3 = Neither better nor worse | 4 = Mostly worse | 5 = A lot worse,5,better_worse_5,FALSE,,Higher numbers are worse; the scale runs the opposite way from the support items,FU25;FU26,FALSE
nuclear_support,,,nuclear_support,question,FALSE,fusion,Technology and energy,support | energy,,How do you feel about the construction and use of nuclear power plants to generate electricity in the U.S.?,1 = Strongly oppose | 2 | 3 | 4 | 5 | 6 | 7 = Strongly support,7,support_7,FALSE,,Only the endpoints are labelled. Worded to match new_fusion so fusion support can be read against fission support,FU26,FALSE
gcc,,gcc,gcc,question,FALSE,fusion,Climate change,climate,"As you may know, the issue of global warming has been the subject of public discussion over the last few years.","In your view, are greenhouse gases, such as those resulting from the combustion of coal, oil, natural gas, and other materials, causing average global temperatures to rise?",0 = No | 1 = Yes,2,yes_no,FALSE,,Gates gcccert_yes and gcccert_no,FU25;FU26,FALSE
gcccert_yes,gcccert,gcccert_yes,gcccert_yes,question,FALSE,fusion,Climate change,climate | comprehension,,"On a scale from zero to ten, where zero means not at all certain and ten means completely certain, how certain are you that greenhouse gases are causing average global temperatures to rise?",0 = Not at all certain | 1 | 2 | 3 | 4 | 5 | 6 | 7 | 8 | 9 | 10 = Completely certain,11,certainty_11,FALSE,gcc = 1,"FU25 asked one item named gcccert whose wording was piped off the previous answer; both waves release the two branches separately. A piped answer is not a randomization. Only the endpoints are labelled. FU26 writes the show condition as ggc = 1, a typo for gcc",FU25;FU26,FALSE
gcccert_no,gcccert,gcccert_no,gcccert_no,question,FALSE,fusion,Climate change,climate | comprehension,,"On a scale from zero to ten, where zero means not at all certain and ten means completely certain, how certain are you that greenhouse gases are not causing average global temperatures to rise?",0 = Not at all certain | 1 | 2 | 3 | 4 | 5 | 6 | 7 | 8 | 9 | 10 = Completely certain,11,certainty_11,FALSE,gcc = 0,"FU25 asked one item named gcccert whose wording was piped off the previous answer; both waves release the two branches separately. Only the endpoints are labelled. FU26 writes the show condition as ggc = 0, a typo for gcc",FU25;FU26,FALSE
gccrsk,,gccrsk,gccrsk,question,FALSE,fusion,Climate change,climate | risk_perception,,"On a scale from zero to ten, where zero means no risk and ten means extreme risk, how much risk do you think global warming poses for people and the environment?",0 = No risk | 1 | 2 | 3 | 4 | 5 | 6 | 7 | 8 | 9 | 10 = Extreme risk,11,risk_11,FALSE,,Only the endpoints are labelled,FU25;FU26,FALSE
ideol,,ideol,ideol,question,FALSE,background,Politics,ideology | demographics,,"On a scale of political ideology, individuals can be arranged from strongly liberal to strongly conservative. Which of the following categories best describes your views?",1 = Strongly liberal | 2 = Liberal | 3 = Slightly liberal | 4 = Middle of the road | 5 = Slightly conservative | 6 = Conservative | 7 = Strongly conservative,7,ideology_7,FALSE,,,FU25;FU26,FALSE
party,,,party,question,FALSE,background,Politics,ideology | demographics,,"Generally speaking, do you usually think of yourself as a Republican, a Democrat, an Independent, or what?",1 = Democratic | 2 = Republican | 3 = Independent | 4 = Other,4,party_4,FALSE,,"Asked only in FU26; FU25 took party from the vendor sample frame, released as Party_ID. The document runs the first option onto the question line",FU26,FALSE
iden,,,iden,question,FALSE,background,Politics,ideology | demographics,,Would you call yourself a strong [Democrat if party = 1; Republican if party = 2] or a not very strong [Democrat if party = 1; Republican if party = 2]?,1 = Not very strong | 2 = Strong,2,strength_2,FALSE,party = 1 or 2,"The party name is piped from the previous answer, which is not a randomization. The document lists the options as 2 then 1",FU26,FALSE
lean,,,lean,question,FALSE,background,Politics,ideology | demographics,,Do you think of yourself as closer to the Republican or Democratic Party?,1 = Democratic Party | 2 = Republican Party,2,lean_2,FALSE,party = 3 or 4,Asked only in FU26,FU26,FALSE
doright,,doright,doright,question,FALSE,background,Politics,trust | ideology,,"On a scale from zero to ten, where zero means none of the time and ten means all the time, how much of the time do you trust the government in Washington to do what is right for the American people?",0 = None of the time | 1 | 2 | 3 | 4 | 5 | 6 | 7 | 8 | 9 | 10 = All the time,11,trust_gov_11,FALSE,,Only the endpoints are labelled. Trust in government generally rather than in information about fusion,FU25;FU26,FALSE
income,,,income,question,FALSE,background,Background,demographics,,Was the estimated annual income for your household in 2025:,"1 = Less than $50,000 | 2 = At least $50,000 but less than $100,000 | 3 = At least $100,000 but less than $150,000 | 4 = $150,000 or more",4,income_band_4,FALSE,,"Asked only in FU26; FU25 took income from the vendor sample frame, released as Income. Each option routes to a finer follow-up",FU26,FALSE
inc_50,,,inc_50,question,FALSE,background,Background,demographics,,Was the estimated annual income for your household in 2025:,"1 = Less than $10,000 | 2 = $10,000 to less than $20,000 | 3 = $20,000 to less than $30,000 | 4 = $30,000 to less than $40,000 | 5 = $40,000 to less than $50,000",5,income_band_5,FALSE,income = 1,Finer band within the lowest income category,FU26,FALSE
inc_100,,,inc_100,question,FALSE,background,Background,demographics,,Was the estimated annual income for your household in 2025:,"6 = $50,000 to less than $60,000 | 7 = $60,000 to less than $70,000 | 8 = $70,000 to less than $80,000 | 9 = $80,000 to less than $90,000 | 10 = $90,000 to less than $100,000",5,income_band_5,FALSE,income = 2,Codes continue from inc_50 rather than restarting at 1,FU26,FALSE
inc_150,,,inc_150,question,FALSE,background,Background,demographics,,Was the estimated annual income for your household in 2025:,"11 = $100,000 to less than $110,000 | 12 = $110,000 to less than $120,000 | 13 = $120,000 to less than $130,000 | 14 = $130,000 to less than $140,000 | 15 = $140,000 to less than $150,000",5,income_band_5,FALSE,income = 3,Codes continue from inc_100,FU26,FALSE
inc_200,,,inc_200,question,FALSE,background,Background,demographics,,Was the estimated annual income for your household in 2025:,"16 = $150,000 to less than $160,000 | 17 = $160,000 to less than $170,000 | 18 = $170,000 to less than $180,000 | 19 = $180,000 to less than $190,000 | 20 = $190,000 to less than $200,000 | 21 = $200,000 or more",6,income_band_6,FALSE,income = 4,Codes continue from inc_150,FU26,FALSE
edu,,,edu,question,FALSE,background,Background,demographics,,What is the highest level of education you have COMPLETED?,1 = Less than high school | 2 = High school / GED | 3 = Vocational or Technical Training | 4 = Some College; NO degree | 5 = 2-year College / Associate’s degree | 6 = Bachelor’s Degree | 7 = Master’s Degree | 8 = PhD / JD (Law) / MD,8,education_8,FALSE,,"Asked only in FU26; FU25 took education from the vendor sample frame, released as Education",FU26,FALSE
comments,,comment,comments,question,FALSE,fusion,Support and expectations,open_feedback,,This survey is part of a project that focuses on fusion energy. Is there anything you want to tell us about your views on fusion energy?,,0,open_text,FALSE,,VERBATIM. FU25 releases it as comment without the s,FU25;FU26,FALSE
rand_dist,,distance,rand_dist,randomization,TRUE,background,Background,admin,,,10 | 50,2,randomization,FALSE,,"Distance inserted into the fusion_host stem. FU25 releases it as distance, FU26 as rand_dist",FU25;FU26,FALSE
rand_lab,,nat_lab,rand_lab,randomization,TRUE,background,Background,admin,,,U.S. national laboratories for energy and security | Lawrence Livermore National Laboratory,2,randomization,FALSE,,"Laboratory name inserted into the labs_trust stem, and in FU25 into labs_trust_risk and labs_trust_bene as well. FU25 releases it as nat_lab and writes US without periods",FU25;FU26,TRUE
rand_reg_path,,,rand_reg_path,randomization,TRUE,background,Background,admin | regulation,,,A | B | C,3,randomization,FALSE,,Which of the three regulatory proposals the respondent read before reg_path_balance and reg_path_support,FU26,FALSE
fusion_know_dev,,fusion_know_dev,,question,FALSE,fusion,Awareness and knowledge,knowledge | comprehension,,"To the best of your knowledge, which of the following best describes the current status of fusion energy development?","1 = Scientists have not yet achieved a fusion reaction that generates more energy than it takes to start. | 2 = Scientists have achieved a fusion reaction that generates more energy than it takes to start, but they have not yet developed a way to sustain the reaction and produce enough energy for practical electricity generation. | 3 = Scientists have found a way to sustain a fusion reaction and produce enough energy for practical electricity generation but have not yet developed the technology needed to produce electricity at commercial scales. | 4 = Not sure",4,dev_status_4,FALSE,fusion_know = 1,Asked only in FU25. An objective knowledge item rather than a self-rating,FU25,FALSE
rskben_fusion,,rskben_fusion,,question,FALSE,fusion,"Risks, costs, and benefits",risk_perception | benefits,"As with all energy sources, experts argue about the balance of potential risks and benefits of fusion energy.","Given what you know or have heard about it, how do you rate the overall balance of the risks and benefits of fusion energy in the US?",1 = Risks far outweigh benefits | 2 | 3 | 4 = Risks and benefits are equally balanced | 5 | 6 | 7 = Benefits far outweigh risks,7,riskben_7,FALSE,,"Asked only in FU25. FU26 replaced it with fusion_risk_ben, which adds costs to the balance and is a different quantity. Only the endpoints and midpoint are labelled",FU25,FALSE
fusion_app_know,,fusion_app_know,,question,FALSE,fusion,Awareness and knowledge,awareness | knowledge,"Scientists are actively researching and developing two different approaches to fusion energy. Here’s a short description of each approach: Magnetic confinement uses strong magnets to guide and hold very hot hydrogen gas, called plasma, in place so fusion reactions can happen. The magnets prevent the plasma from touching the walls of the reactor, which helps maintain the right conditions for fusion. Inertial confinement uses focused energy, such as lasers, to compress and heat small fuel pellets made of hydrogen until fusion occurs. The process happens in tiny bursts, creating energy in a controlled way.","Before reading this information, had you heard about these different approaches to fusion energy?","0 = No, I had not heard of either approach | 1 = Yes, I had heard of magnetic confinement | 2 = Yes, I had heard of inertial confinement | 3 = Yes, I had heard of both approaches | 4 = Not sure",5,approach_know_5,FALSE,,Asked only in FU25. Every respondent read the same two descriptions,FU25,FALSE
fusion_app_prom,,fusion_app_prom,,question,FALSE,fusion,Support and expectations,support | knowledge,"Scientists are actively researching and developing two different approaches to fusion energy. Here’s a short description of each approach: Magnetic confinement uses strong magnets to guide and hold very hot hydrogen gas, called plasma, in place so fusion reactions can happen. The magnets prevent the plasma from touching the walls of the reactor, which helps maintain the right conditions for fusion. Inertial confinement uses focused energy, such as lasers, to compress and heat small fuel pellets made of hydrogen until fusion occurs. The process happens in tiny bursts, creating energy in a controlled way.",Do you have any immediate impressions about which approach to fusion energy seems more promising? You don’t need to be an expert or have all the information—this is just about your gut reaction or first impressions.,1 = Magnetic confinement seems more promising | 2 = Inertial confinement seems more promising | 3 = Both approaches seem equally promising | 4 = Neither approach seems promising | 5 = Not sure,5,approach_prom_5,FALSE,,Asked only in FU25,FU25,FALSE
rand_spend_comp,,,,randomization,TRUE,background,Background,admin | government_spending,,,"A = No information. | B = Governments around the world are investing heavily in fusion energy, with countries like China committing billions to advance research and development. While the US is also promoting fusion, its spending remains comparatively lower, with much of the effort relying on private sector investment and smaller federal programs.",2,randomization,FALSE,,"Asked only in FU25. Not released as a column of its own; the two arms are the columns govspend_fusion_exp_a and govspend_fusion_exp_b, so the assignment has to be read off which of the two is populated",FU25,FALSE
govspend_fusion_exp_a,govspend_fusion_exp,govspend_fusion_exp_a,,question,TRUE,fusion,Investment and arguments,government_spending,Now we want you to think about government investment priorities.,How should government spending change for research and development on fusion energy in the US?,1 = Substantially decrease | 2 | 3 | 4 = Stay about the same | 5 | 6 | 7 = Substantially increase,7,spending_7,FALSE,rand_spend_comp = A,"Asked only in FU25. Arm A of the rand_spend_comp experiment, asked with no background information. The document names one item; the data splits it by arm. Do not pool with arm B - that would average across the treatment. Only the endpoints and midpoint are labelled",FU25,FALSE
govspend_fusion_exp_b,govspend_fusion_exp,govspend_fusion_exp_b,,question,TRUE,fusion,Investment and arguments,government_spending,"Now we want you to think about government investment priorities. Governments around the world are investing heavily in fusion energy, with countries like China committing billions to advance research and development. While the US is also promoting fusion, its spending remains comparatively lower, with much of the effort relying on private sector investment and smaller federal programs.",How should government spending change for research and development on fusion energy in the US?,1 = Substantially decrease | 2 | 3 | 4 = Stay about the same | 5 | 6 | 7 = Substantially increase,7,spending_7,FALSE,rand_spend_comp = B,"Asked only in FU25. Arm B of the rand_spend_comp experiment, asked after reading about global investment. Do not pool with arm A. Only the endpoints and midpoint are labelled",FU25,FALSE
inv_fusion_private,,inv_fusion_1,,question,FALSE,fusion,Investment and arguments,government_spending,"There are differing views about how to fund research and development on fusion energy in the US. Here are two example arguments: Private companies should bear most of the cost, as they stand to benefit from eventual profits and have the resources to invest in high-risk technologies. The government should bear most of the cost, as fusion energy will provide broad public benefits and progress more quickly with government support. If you were to allocate funding, what percentage of the total cost would come from these two entities? Please ensure your total adds up to 100%.",Private companies,,0,numeric_0_100,FALSE,,"VERBATIM; require numeric. RANDOMIZE order of the two arguments. Asked only in FU25, released as inv_fusion_1 although the instrument uses this name. Pairs with inv_fusion_government to sum to 100",FU25,FALSE
inv_fusion_government,,inv_fusion_2,,question,FALSE,fusion,Investment and arguments,government_spending,"There are differing views about how to fund research and development on fusion energy in the US. Here are two example arguments: Private companies should bear most of the cost, as they stand to benefit from eventual profits and have the resources to invest in high-risk technologies. The government should bear most of the cost, as fusion energy will provide broad public benefits and progress more quickly with government support. If you were to allocate funding, what percentage of the total cost would come from these two entities? Please ensure your total adds up to 100%.",Government,,0,numeric_0_100,FALSE,,"VERBATIM; require numeric. Asked only in FU25, released as inv_fusion_2. Pairs with inv_fusion_private to sum to 100",FU25,FALSE
inv_fusion_priority,,inv_priority_1,,question,FALSE,fusion,Investment and arguments,government_spending,"There are also differing perspectives on how to allocate funding for research and development of fusion energy in the U.S., especially in comparison to other advanced energy technologies. Here are two example arguments: The US should prioritize funding for fusion energy, even though it involves significant technical challenges and uncertain timelines. Achieving success in fusion could fundamentally transform energy systems, providing a reliable and abundant energy source that benefits future generations. The US should prioritize funding for other advanced energy technologies that are closer to commercialization and can deliver tangible results in the near term. These investments are more likely to support economic growth, enhance energy independence, and strengthen infrastructure now. If you were to allocate funding, what percentage of the total budget would you assign to these two categories? Please ensure your total adds up to 100%.",Fusion energy,,0,numeric_0_100,FALSE,,"VERBATIM; require numeric. RANDOMIZE order of the two arguments. Asked only in FU25, released as inv_priority_1. Pairs with inv_other_priority to sum to 100",FU25,FALSE
inv_other_priority,,inv_priority_2,,question,FALSE,fusion,Investment and arguments,government_spending,"There are also differing perspectives on how to allocate funding for research and development of fusion energy in the U.S., especially in comparison to other advanced energy technologies. Here are two example arguments: The US should prioritize funding for fusion energy, even though it involves significant technical challenges and uncertain timelines. Achieving success in fusion could fundamentally transform energy systems, providing a reliable and abundant energy source that benefits future generations. The US should prioritize funding for other advanced energy technologies that are closer to commercialization and can deliver tangible results in the near term. These investments are more likely to support economic growth, enhance energy independence, and strengthen infrastructure now. If you were to allocate funding, what percentage of the total budget would you assign to these two categories? Please ensure your total adds up to 100%.",Other advanced energy technologies,,0,numeric_0_100,FALSE,,"VERBATIM; require numeric. Asked only in FU25, released as inv_priority_2. Pairs with inv_fusion_priority to sum to 100",FU25,FALSE
argue_fusion_clean,,argue_fusion_clean,,question,FALSE,fusion,Investment and arguments,arguments | benefits,There are many arguments both for and against investing in fusion energy in the US. Please review each argument below and indicate how persuasive you find each one. Arguments in Favor of Investing in Fusion Energy:,"Clean Energy: Fusion energy produces no greenhouse gas emissions during operation, helping to fight climate change.",1 = This argument is not at all persuasive | 2 | 3 | 4 | 5 | 6 | 7 | 8 | 9 | 10 = This argument is extremely persuasive,10,persuasive_10,FALSE,,RANDOMIZE; RANDOMIZE BLOCK. Asked only in FU25. Only the endpoints are labelled. Every respondent saw all eight arguments,FU25,FALSE
argue_fusion_abun,,argue_fusion_abun,,question,FALSE,fusion,Investment and arguments,arguments | benefits,There are many arguments both for and against investing in fusion energy in the US. Please review each argument below and indicate how persuasive you find each one. Arguments in Favor of Investing in Fusion Energy:,"Abundant Fuel Supply: Fusion relies on isotopes of hydrogen, which are abundant and can be extracted from water or bred within the reactor itself. This makes it a potentially limitless and sustainable energy source.",1 = This argument is not at all persuasive | 2 | 3 | 4 | 5 | 6 | 7 | 8 | 9 | 10 = This argument is extremely persuasive,10,persuasive_10,FALSE,,RANDOMIZE; RANDOMIZE BLOCK. Asked only in FU25. Only the endpoints are labelled,FU25,FALSE
argue_fusion_security,,argue_fusion_security,,question,FALSE,fusion,Investment and arguments,arguments | benefits,There are many arguments both for and against investing in fusion energy in the US. Please review each argument below and indicate how persuasive you find each one. Arguments in Favor of Investing in Fusion Energy:,Energy Security: Fusion could reduce reliance on fossil fuels and imported energy. It offers the potential for domestic energy production that is safe and stable.,1 = This argument is not at all persuasive | 2 | 3 | 4 | 5 | 6 | 7 | 8 | 9 | 10 = This argument is extremely persuasive,10,persuasive_10,FALSE,,RANDOMIZE; RANDOMIZE BLOCK. Asked only in FU25. Only the endpoints are labelled,FU25,FALSE
argue_fusion_science,,argue_fusion_science,,question,FALSE,fusion,Investment and arguments,arguments | benefits,There are many arguments both for and against investing in fusion energy in the US. Please review each argument below and indicate how persuasive you find each one. Arguments in Favor of Investing in Fusion Energy:,Scientific and Economic Advancement: Investing in fusion energy could lead to major scientific breakthroughs and create high-tech jobs. It positions the US as a global leader in energy innovation.,1 = This argument is not at all persuasive | 2 | 3 | 4 | 5 | 6 | 7 | 8 | 9 | 10 = This argument is extremely persuasive,10,persuasive_10,FALSE,,RANDOMIZE; RANDOMIZE BLOCK. Asked only in FU25. Only the endpoints are labelled,FU25,FALSE
argue_fusion_cost,,argue_fusion_cost,,question,FALSE,fusion,Investment and arguments,arguments | costs,There are many arguments both for and against investing in fusion energy in the US. Please review each argument below and indicate how persuasive you find each one. Arguments Against Investing in Fusion Energy:,"High Costs: Fusion energy projects require billions of dollars in funding, with no guarantee of success. This money might be better spent on advancing proven energy sources.",1 = This argument is not at all persuasive | 2 | 3 | 4 | 5 | 6 | 7 | 8 | 9 | 10 = This argument is extremely persuasive,10,persuasive_10,FALSE,,"RANDOMIZE; RANDOMIZE BLOCK. Asked only in FU25. Only the endpoints are labelled. Not reverse worded: the item asks how persuasive the argument is, so a high score means the argument landed, not that the respondent favours fusion",FU25,FALSE
argue_fusion_time,,argue_fusion_time,,question,FALSE,fusion,Investment and arguments,arguments | timeline,There are many arguments both for and against investing in fusion energy in the US. Please review each argument below and indicate how persuasive you find each one. Arguments Against Investing in Fusion Energy:,"Long Development Timeline: Despite decades of research, fusion energy remains decades away from being commercially viable. It may not provide solutions to immediate energy challenges.",1 = This argument is not at all persuasive | 2 | 3 | 4 | 5 | 6 | 7 | 8 | 9 | 10 = This argument is extremely persuasive,10,persuasive_10,FALSE,,RANDOMIZE; RANDOMIZE BLOCK. Asked only in FU25. Only the endpoints are labelled,FU25,FALSE
argue_fusion_tech,,argue_fusion_tech,,question,FALSE,fusion,Investment and arguments,arguments | risk_perception,There are many arguments both for and against investing in fusion energy in the US. Please review each argument below and indicate how persuasive you find each one. Arguments Against Investing in Fusion Energy:,"Technical Challenges: Fusion requires extreme conditions, like temperatures hotter than the sun, to operate. These conditions make the technology complex, risky, and difficult to scale up.",1 = This argument is not at all persuasive | 2 | 3 | 4 | 5 | 6 | 7 | 8 | 9 | 10 = This argument is extremely persuasive,10,persuasive_10,FALSE,,RANDOMIZE; RANDOMIZE BLOCK. Asked only in FU25. Only the endpoints are labelled,FU25,FALSE
argue_fusion_byproducts,,argue_fusion_byproducts,,question,FALSE,fusion,Investment and arguments,arguments | risk_perception,There are many arguments both for and against investing in fusion energy in the US. Please review each argument below and indicate how persuasive you find each one. Arguments Against Investing in Fusion Energy:,"Radioactive Byproducts: While fusion produces fewer and shorter-lived radioactive byproducts than traditional nuclear power, it still generates some materials that remain radioactive and require careful management to ensure safety for people and the environment.",1 = This argument is not at all persuasive | 2 | 3 | 4 | 5 | 6 | 7 | 8 | 9 | 10 = This argument is extremely persuasive,10,persuasive_10,FALSE,,RANDOMIZE; RANDOMIZE BLOCK. Asked only in FU25. Only the endpoints are labelled,FU25,FALSE
fusion_priority,,fusion_priority,,question,FALSE,fusion,Support and expectations,support | government_spending,,"Several countries, including the US, China, the United Kingdom, France, and Japan, are racing to be the first to successfully develop and deploy fusion energy as a widespread electricity source. How important do you think it is for the United States to be the first country to achieve this goal?",0 = Not at all important | 1 | 2 | 3 | 4 | 5 | 6 | 7 | 8 | 9 | 10 = Extremely important,11,importance_11,FALSE,,Asked only in FU25. Only the endpoints are labelled,FU25,FALSE
nrc_trust_risk,,nrc_trust_risk,,question,FALSE,fusion,Trust in institutions,trust | risk_perception,We want to know your impressions of how different organizations are likely to describe the risks of fusion energy. Some organizations may downplay or exaggerate risks while others accurately report on them. Please rate your impressions of how each organization is likely to describe the risks of fusion energy.,US Nuclear Regulatory Commission,1 = Downplay risks | 2 | 3 | 4 = Accurately describe risks | 5 | 6 | 7 = Exaggerate risks,7,describe_risk_7,FALSE,,RANDOM ORDER IN TABLE. Asked only in FU25. Only the endpoints and midpoint are labelled. Both ends are unfavourable; the midpoint is the favourable answer,FU25,FALSE
epa_trust_risk,,epa_trust_risk,,question,FALSE,fusion,Trust in institutions,trust | risk_perception,We want to know your impressions of how different organizations are likely to describe the risks of fusion energy. Some organizations may downplay or exaggerate risks while others accurately report on them. Please rate your impressions of how each organization is likely to describe the risks of fusion energy.,US Environmental Protection Agency,1 = Downplay risks | 2 | 3 | 4 = Accurately describe risks | 5 | 6 | 7 = Exaggerate risks,7,describe_risk_7,FALSE,,RANDOM ORDER IN TABLE. Asked only in FU25. Only the endpoints and midpoint are labelled,FU25,FALSE
labs_trust_risk,,labs_trust_risk,,question,TRUE,fusion,Trust in institutions,trust | risk_perception,We want to know your impressions of how different organizations are likely to describe the risks of fusion energy. Some organizations may downplay or exaggerate risks while others accurately report on them. Please rate your impressions of how each organization is likely to describe the risks of fusion energy.,[rand_lab: US national laboratories for energy and security | Lawrence Livermore National Laboratory],1 = Downplay risks | 2 | 3 | 4 = Accurately describe risks | 5 | 6 | 7 = Exaggerate risks,7,describe_risk_7,FALSE,,"RANDOM ORDER IN TABLE. Asked only in FU25. The organization named is randomized, so the two halves rated different things. Only the endpoints and midpoint are labelled",FU25,FALSE
nas_trust_risk,,nas_trust_risk,,question,FALSE,fusion,Trust in institutions,trust | risk_perception,We want to know your impressions of how different organizations are likely to describe the risks of fusion energy. Some organizations may downplay or exaggerate risks while others accurately report on them. Please rate your impressions of how each organization is likely to describe the risks of fusion energy.,National Academy of Sciences,1 = Downplay risks | 2 | 3 | 4 = Accurately describe risks | 5 | 6 | 7 = Exaggerate risks,7,describe_risk_7,FALSE,,RANDOM ORDER IN TABLE. Asked only in FU25. Only the endpoints and midpoint are labelled,FU25,FALSE
enviro_trust_risk,,enviro_trust_risk,,question,FALSE,fusion,Trust in institutions,trust | risk_perception,We want to know your impressions of how different organizations are likely to describe the risks of fusion energy. Some organizations may downplay or exaggerate risks while others accurately report on them. Please rate your impressions of how each organization is likely to describe the risks of fusion energy.,Environmental advocacy groups,1 = Downplay risks | 2 | 3 | 4 = Accurately describe risks | 5 | 6 | 7 = Exaggerate risks,7,describe_risk_7,FALSE,,RANDOM ORDER IN TABLE. Asked only in FU25. Only the endpoints and midpoint are labelled,FU25,FALSE
tech_trust_risk,,tech_trust_risk,,question,FALSE,fusion,Trust in institutions,trust | risk_perception,We want to know your impressions of how different organizations are likely to describe the risks of fusion energy. Some organizations may downplay or exaggerate risks while others accurately report on them. Please rate your impressions of how each organization is likely to describe the risks of fusion energy.,Technology companies that are researching and developing fusion energy,1 = Downplay risks | 2 | 3 | 4 = Accurately describe risks | 5 | 6 | 7 = Exaggerate risks,7,describe_risk_7,FALSE,,RANDOM ORDER IN TABLE. Asked only in FU25. Only the endpoints and midpoint are labelled,FU25,FALSE
doe_trust_risk,,doe_trust_risk,,question,FALSE,fusion,Trust in institutions,trust | risk_perception,We want to know your impressions of how different organizations are likely to describe the risks of fusion energy. Some organizations may downplay or exaggerate risks while others accurately report on them. Please rate your impressions of how each organization is likely to describe the risks of fusion energy.,US Department of Energy,1 = Downplay risks | 2 | 3 | 4 = Accurately describe risks | 5 | 6 | 7 = Exaggerate risks,7,describe_risk_7,FALSE,,RANDOM ORDER IN TABLE. Asked only in FU25. Only the endpoints and midpoint are labelled,FU25,FALSE
univ_trust_risk,,univ_trust_risk,,question,FALSE,fusion,Trust in institutions,trust | risk_perception,We want to know your impressions of how different organizations are likely to describe the risks of fusion energy. Some organizations may downplay or exaggerate risks while others accurately report on them. Please rate your impressions of how each organization is likely to describe the risks of fusion energy.,University scientists that study fusion energy,1 = Downplay risks | 2 | 3 | 4 = Accurately describe risks | 5 | 6 | 7 = Exaggerate risks,7,describe_risk_7,FALSE,,RANDOM ORDER IN TABLE. Asked only in FU25. Only the endpoints and midpoint are labelled,FU25,FALSE
media_trust_risk,,media_trust_risk,,question,FALSE,fusion,Trust in institutions,trust | risk_perception,We want to know your impressions of how different organizations are likely to describe the risks of fusion energy. Some organizations may downplay or exaggerate risks while others accurately report on them. Please rate your impressions of how each organization is likely to describe the risks of fusion energy.,News or media,1 = Downplay risks | 2 | 3 | 4 = Accurately describe risks | 5 | 6 | 7 = Exaggerate risks,7,describe_risk_7,FALSE,,RANDOM ORDER IN TABLE. Asked only in FU25. Only the endpoints and midpoint are labelled,FU25,FALSE
nrc_trust_bene,,nrc_trust_bene,,question,FALSE,fusion,Trust in institutions,trust | benefits,We want to know your impressions of how different organizations are likely to describe the benefits of fusion energy. Some organizations may downplay or exaggerate benefits while others accurately report on them. Please rate your impressions of how each organization is likely to describe the benefits of fusion energy.,US Nuclear Regulatory Commission,1 = Downplay benefits | 2 | 3 | 4 = Accurately describe benefits | 5 | 6 | 7 = Exaggerate benefits,7,describe_bene_7,FALSE,,RANDOM ORDER IN TABLE. Asked only in FU25. Only the endpoints and midpoint are labelled,FU25,FALSE
epa_trust_bene,,epa_trust_bene,,question,FALSE,fusion,Trust in institutions,trust | benefits,We want to know your impressions of how different organizations are likely to describe the benefits of fusion energy. Some organizations may downplay or exaggerate benefits while others accurately report on them. Please rate your impressions of how each organization is likely to describe the benefits of fusion energy.,US Environmental Protection Agency,1 = Downplay benefits | 2 | 3 | 4 = Accurately describe benefits | 5 | 6 | 7 = Exaggerate benefits,7,describe_bene_7,FALSE,,RANDOM ORDER IN TABLE. Asked only in FU25. Only the endpoints and midpoint are labelled,FU25,FALSE
labs_trust_bene,,labs_trust_bene,,question,TRUE,fusion,Trust in institutions,trust | benefits,We want to know your impressions of how different organizations are likely to describe the benefits of fusion energy. Some organizations may downplay or exaggerate benefits while others accurately report on them. Please rate your impressions of how each organization is likely to describe the benefits of fusion energy.,[rand_lab: US national laboratories for energy and security | Lawrence Livermore National Laboratory],1 = Downplay benefits | 2 | 3 | 4 = Accurately describe benefits | 5 | 6 | 7 = Exaggerate benefits,7,describe_bene_7,FALSE,,"RANDOM ORDER IN TABLE. Asked only in FU25. The organization named is randomized, so the two halves rated different things. Only the endpoints and midpoint are labelled",FU25,FALSE
nas_trust_bene,,nas_trust_bene,,question,FALSE,fusion,Trust in institutions,trust | benefits,We want to know your impressions of how different organizations are likely to describe the benefits of fusion energy. Some organizations may downplay or exaggerate benefits while others accurately report on them. Please rate your impressions of how each organization is likely to describe the benefits of fusion energy.,National Academy of Sciences,1 = Downplay benefits | 2 | 3 | 4 = Accurately describe benefits | 5 | 6 | 7 = Exaggerate benefits,7,describe_bene_7,FALSE,,RANDOM ORDER IN TABLE. Asked only in FU25. Only the endpoints and midpoint are labelled,FU25,FALSE
enviro_trust_bene,,enviro_trust_bene,,question,FALSE,fusion,Trust in institutions,trust | benefits,We want to know your impressions of how different organizations are likely to describe the benefits of fusion energy. Some organizations may downplay or exaggerate benefits while others accurately report on them. Please rate your impressions of how each organization is likely to describe the benefits of fusion energy.,Environmental advocacy groups,1 = Downplay benefits | 2 | 3 | 4 = Accurately describe benefits | 5 | 6 | 7 = Exaggerate benefits,7,describe_bene_7,FALSE,,RANDOM ORDER IN TABLE. Asked only in FU25. Only the endpoints and midpoint are labelled,FU25,FALSE
tech_trust_bene,,tech_trust_bene,,question,FALSE,fusion,Trust in institutions,trust | benefits,We want to know your impressions of how different organizations are likely to describe the benefits of fusion energy. Some organizations may downplay or exaggerate benefits while others accurately report on them. Please rate your impressions of how each organization is likely to describe the benefits of fusion energy.,Technology companies that are researching and developing fusion energy,1 = Downplay benefits | 2 | 3 | 4 = Accurately describe benefits | 5 | 6 | 7 = Exaggerate benefits,7,describe_bene_7,FALSE,,RANDOM ORDER IN TABLE. Asked only in FU25. Only the endpoints and midpoint are labelled,FU25,FALSE
doe_trust_bene,,doe_trust_bene,,question,FALSE,fusion,Trust in institutions,trust | benefits,We want to know your impressions of how different organizations are likely to describe the benefits of fusion energy. Some organizations may downplay or exaggerate benefits while others accurately report on them. Please rate your impressions of how each organization is likely to describe the benefits of fusion energy.,US Department of Energy,1 = Downplay benefits | 2 | 3 | 4 = Accurately describe benefits | 5 | 6 | 7 = Exaggerate benefits,7,describe_bene_7,FALSE,,RANDOM ORDER IN TABLE. Asked only in FU25. Only the endpoints and midpoint are labelled,FU25,FALSE
univ_trust_bene,,univ_trust_bene,,question,FALSE,fusion,Trust in institutions,trust | benefits,We want to know your impressions of how different organizations are likely to describe the benefits of fusion energy. Some organizations may downplay or exaggerate benefits while others accurately report on them. Please rate your impressions of how each organization is likely to describe the benefits of fusion energy.,University scientists that study fusion energy,1 = Downplay benefits | 2 | 3 | 4 = Accurately describe benefits | 5 | 6 | 7 = Exaggerate benefits,7,describe_bene_7,FALSE,,RANDOM ORDER IN TABLE. Asked only in FU25. Only the endpoints and midpoint are labelled,FU25,FALSE
media_trust_bene,,media_trust_bene,,question,FALSE,fusion,Trust in institutions,trust | benefits,We want to know your impressions of how different organizations are likely to describe the benefits of fusion energy. Some organizations may downplay or exaggerate benefits while others accurately report on them. Please rate your impressions of how each organization is likely to describe the benefits of fusion energy.,News or media,1 = Downplay benefits | 2 | 3 | 4 = Accurately describe benefits | 5 | 6 | 7 = Exaggerate benefits,7,describe_bene_7,FALSE,,RANDOM ORDER IN TABLE. Asked only in FU25. Only the endpoints and midpoint are labelled,FU25,FALSE
